code,type,name,market
sh.000001,1,,SH
sh.000002,1,,SH
sh.000003,1,,SH
sh.000004,1,,SH
sh.000005,1,,SH
sh.000006,1,,SH
sh.000007,1,,SH
sh.000008,1,,SH
sh.000009,1,,SH
sh.000010,1,,SH
sh.000011,1,,SH
sh.000012,1,,SH
sh.000015,1,,SH
sh.000016,1,,SH
sh.000017,1,,SH
sh.000018,1,,SH
sh.000019,1,,SH
sh.000020,1,,SH
sh.000021,1,,SH
sh.000022,1,,SH
sh.000025,1,,SH
sh.000026,1,,SH
sh.000027,1,,SH
sh.000028,1,,SH
sh.000029,1,,SH
sh.000030,1,,SH
sh.000031,1,,SH
sh.000032,1,,SH
sh.000033,1,,SH
sh.000034,1,,SH
sh.000035,1,,SH
sh.000036,1,,SH
sh.000037,1,,SH
sh.000038,1,,SH
sh.000039,1,,SH
sh.000040,1,,SH
sh.000041,1,,SH
sh.000042,1,,SH
sh.000043,1,,SH
sh.000044,1,,SH
sh.000045,1,,SH
sh.000046,1,,SH
sh.000047,1,,SH
sh.000048,1,,SH
sh.000049,1,,SH
sh.000050,1,,SH
sh.000051,1,,SH
sh.000052,1,,SH
sh.000053,1,,SH
sh.000054,1,,SH
sh.000055,1,,SH
sh.000056,1,,SH
sh.000057,1,,SH
sh.000058,1,,SH
sh.000059,1,,SH
sh.000060,1,,SH
sh.000061,1,,SH
sh.000062,1,,SH
sh.000063,1,,SH
sh.000064,1,,SH
sh.000065,1,,SH
sh.000066,1,,SH
sh.000067,1,,SH
sh.000068,1,,SH
sh.000069,1,,SH
sh.000070,1,,SH
sh.000071,1,,SH
sh.000072,1,,SH
sh.000073,1,,SH
sh.000074,1,,SH
sh.000075,1,,SH
sh.000076,1,,SH
sh.000077,1,,SH
sh.000078,1,,SH
sh.000079,1,,SH
sh.000090,1,,SH
sh.000091,1,,SH
sh.000092,1,,SH
sh.000093,1,,SH
sh.000094,1,,SH
sh.000095,1,,SH
sh.000096,1,,SH
sh.000097,1,,SH
sh.000098,1,,SH
sh.000099,1,,SH
sh.000100,1,,SH
sh.000101,1,,SH
sh.000102,1,,SH
sh.000103,1,,SH
sh.000104,1,,SH
sh.000105,1,,SH
sh.000106,1,,SH
sh.000107,1,,SH
sh.000108,1,,SH
sh.000109,1,,SH
sh.000110,1,,SH
sh.000111,1,,SH
sh.000112,1,,SH
sh.000113,1,,SH
sh.000114,1,,SH
sh.000115,1,,SH
sh.000116,1,,SH
sh.000117,1,,SH
sh.000118,1,,SH
sh.000119,1,,SH
sh.000120,1,,SH
sh.000121,1,,SH
sh.000122,1,,SH
sh.000123,1,,SH
sh.000125,1,,SH
sh.000126,1,,SH
sh.000128,1,,SH
sh.000129,1,,SH
sh.000130,1,,SH
sh.000131,1,,SH
sh.000132,1,,SH
sh.000133,1,,SH
sh.000134,1,,SH
sh.000135,1,,SH
sh.000136,1,,SH
sh.000137,1,,SH
sh.000138,1,,SH
sh.000139,1,,SH
sh.000141,1,,SH
sh.000142,1,,SH
sh.000145,1,,SH
sh.000146,1,,SH
sh.000147,1,,SH
sh.000148,1,,SH
sh.000149,1,,SH
sh.000150,1,,SH
sh.000151,1,,SH
sh.000152,1,,SH
sh.000153,1,,SH
sh.000155,1,,SH
sh.000158,1,,SH
sh.000159,1,,SH
sh.000160,1,,SH
sh.000161,1,,SH
sh.000162,1,,SH
sh.000170,1,,SH
sh.000300,1,,SH
sh.000510,1,,SH
sh.000680,1,,SH
sh.000681,1,,SH
sh.000682,1,,SH
sh.000683,1,,SH
sh.000685,1,,SH
sh.000687,1,,SH
sh.000688,1,,SH
sh.000689,1,,SH
sh.000690,1,,SH
sh.000691,1,,SH
sh.000692,1,,SH
sh.000693,1,,SH
sh.000695,1,,SH
sh.000697,1,,SH
sh.000698,1,,SH
sh.000699,1,,SH
sh.000802,1,,SH
sh.000814,1,,SH
sh.000819,1,,SH
sh.000823,1,,SH
sh.000827,1,,SH
sh.000847,1,,SH
sh.000849,1,,SH
sh.000851,1,,SH
sh.000852,1,,SH
sh.000853,1,,SH
sh.000854,1,,SH
sh.000855,1,,SH
sh.000856,1,,SH
sh.000857,1,,SH
sh.000858,1,,SH
sh.000860,1,,SH
sh.000863,1,,SH
sh.000865,1,,SH
sh.000867,1,,SH
sh.000869,1,,SH
sh.000888,1,,SH
sh.000891,1,,SH
sh.000901,1,,SH
sh.000903,1,,SH
sh.000905,1,,SH
sh.000906,1,,SH
sh.000913,1,,SH
sh.000914,1,,SH
sh.000928,1,,SH
sh.000932,1,,SH
sh.000933,1,,SH
sh.000934,1,,SH
sh.000935,1,,SH
sh.000974,1,,SH
sh.000982,1,,SH
sh.000986,1,,SH
sh.000987,1,,SH
sh.000989,1,,SH
sh.000991,1,,SH
sh.000992,1,,SH
sh.000993,1,,SH
sh.600000,1,,SH
sh.600004,1,,SH
sh.600006,1,,SH
sh.600007,1,,SH
sh.600008,1,,SH
sh.600009,1,,SH
sh.600010,1,,SH
sh.600011,1,,SH
sh.600012,1,,SH
sh.600015,1,,SH
sh.600016,1,,SH
sh.600017,1,,SH
sh.600018,1,,SH
sh.600019,1,,SH
sh.600020,1,,SH
sh.600021,1,,SH
sh.600022,1,,SH
sh.600023,1,,SH
sh.600025,1,,SH
sh.600026,1,,SH
sh.600027,1,,SH
sh.600028,1,,SH
sh.600029,1,,SH
sh.600030,1,,SH
sh.600031,1,,SH
sh.600032,1,,SH
sh.600033,1,,SH
sh.600035,1,,SH
sh.600036,1,,SH
sh.600037,1,,SH
sh.600038,1,,SH
sh.600039,1,,SH
sh.600048,1,,SH
sh.600050,1,,SH
sh.600051,1,,SH
sh.600052,1,,SH
sh.600053,1,,SH
sh.600054,1,,SH
sh.600055,1,,SH
sh.600056,1,,SH
sh.600057,1,,SH
sh.600058,1,,SH
sh.600059,1,,SH
sh.600060,1,,SH
sh.600061,1,,SH
sh.600062,1,,SH
sh.600063,1,,SH
sh.600064,1,,SH
sh.600066,1,,SH
sh.600067,1,,SH
sh.600071,1,,SH
sh.600072,1,,SH
sh.600073,1,,SH
sh.600075,1,,SH
sh.600076,1,,SH
sh.600078,1,,SH
sh.600079,1,,SH
sh.600080,1,,SH
sh.600081,1,,SH
sh.600082,1,,SH
sh.600084,1,,SH
sh.600085,1,,SH
sh.600088,1,,SH
sh.600089,1,,SH
sh.600094,1,,SH
sh.600095,1,,SH
sh.600096,1,,SH
sh.600097,1,,SH
sh.600098,1,,SH
sh.600099,1,,SH
sh.600100,1,,SH
sh.600101,1,,SH
sh.600103,1,,SH
sh.600104,1,,SH
sh.600105,1,,SH
sh.600106,1,,SH
sh.600107,1,,SH
sh.600108,1,,SH
sh.600109,1,,SH
sh.600110,1,,SH
sh.600111,1,,SH
sh.600113,1,,SH
sh.600114,1,,SH
sh.600115,1,,SH
sh.600116,1,,SH
sh.600117,1,,SH
sh.600118,1,,SH
sh.600119,1,,SH
sh.600120,1,,SH
sh.600121,1,,SH
sh.600123,1,,SH
sh.600125,1,,SH
sh.600126,1,,SH
sh.600127,1,,SH
sh.600128,1,,SH
sh.600129,1,,SH
sh.600130,1,,SH
sh.600131,1,,SH
sh.600132,1,,SH
sh.600133,1,,SH
sh.600135,1,,SH
sh.600136,1,,SH
sh.600137,1,,SH
sh.600138,1,,SH
sh.600141,1,,SH
sh.600143,1,,SH
sh.600148,1,,SH
sh.600149,1,,SH
sh.600150,1,,SH
sh.600151,1,,SH
sh.600152,1,,SH
sh.600153,1,,SH
sh.600155,1,,SH
sh.600156,1,,SH
sh.600157,1,,SH
sh.600158,1,,SH
sh.600159,1,,SH
sh.600160,1,,SH
sh.600161,1,,SH
sh.600162,1,,SH
sh.600163,1,,SH
sh.600165,1,,SH
sh.600166,1,,SH
sh.600167,1,,SH
sh.600168,1,,SH
sh.600169,1,,SH
sh.600170,1,,SH
sh.600171,1,,SH
sh.600172,1,,SH
sh.600173,1,,SH
sh.600176,1,,SH
sh.600177,1,,SH
sh.600178,1,,SH
sh.600179,1,,SH
sh.600180,1,,SH
sh.600182,1,,SH
sh.600183,1,,SH
sh.600184,1,,SH
sh.600185,1,,SH
sh.600186,1,,SH
sh.600187,1,,SH
sh.600188,1,,SH
sh.600189,1,,SH
sh.600191,1,,SH
sh.600192,1,,SH
sh.600193,1,,SH
sh.600195,1,,SH
sh.600196,1,,SH
sh.600197,1,,SH
sh.600198,1,,SH
sh.600199,1,,SH
sh.600201,1,,SH
sh.600202,1,,SH
sh.600203,1,,SH
sh.600206,1,,SH
sh.600207,1,,SH
sh.600208,1,,SH
sh.600210,1,,SH
sh.600211,1,,SH
sh.600212,1,,SH
sh.600215,1,,SH
sh.600216,1,,SH
sh.600217,1,,SH
sh.600218,1,,SH
sh.600219,1,,SH
sh.600221,1,,SH
sh.600222,1,,SH
sh.600223,1,,SH
sh.600226,1,,SH
sh.600227,1,,SH
sh.600228,1,,SH
sh.600229,1,,SH
sh.600230,1,,SH
sh.600231,1,,SH
sh.600232,1,,SH
sh.600233,1,,SH
sh.600234,1,,SH
sh.600235,1,,SH
sh.600236,1,,SH
sh.600237,1,,SH
sh.600238,1,,SH
sh.600239,1,,SH
sh.600241,1,,SH
sh.600243,1,,SH
sh.600246,1,,SH
sh.600248,1,,SH
sh.600249,1,,SH
sh.600250,1,,SH
sh.600251,1,,SH
sh.600252,1,,SH
sh.600255,1,,SH
sh.600256,1,,SH
sh.600257,1,,SH
sh.600258,1,,SH
sh.600259,1,,SH
sh.600261,1,,SH
sh.600262,1,,SH
sh.600265,1,,SH
sh.600266,1,,SH
sh.600267,1,,SH
sh.600268,1,,SH
sh.600269,1,,SH
sh.600271,1,,SH
sh.600272,1,,SH
sh.600273,1,,SH
sh.600276,1,,SH
sh.600278,1,,SH
sh.600279,1,,SH
sh.600280,1,,SH
sh.600281,1,,SH
sh.600282,1,,SH
sh.600283,1,,SH
sh.600284,1,,SH
sh.600285,1,,SH
sh.600287,1,,SH
sh.600288,1,,SH
sh.600289,1,,SH
sh.600292,1,,SH
sh.600293,1,,SH
sh.600295,1,,SH
sh.600298,1,,SH
sh.600299,1,,SH
sh.600300,1,,SH
sh.600301,1,,SH
sh.600302,1,,SH
sh.600303,1,,SH
sh.600305,1,,SH
sh.600307,1,,SH
sh.600308,1,,SH
sh.600309,1,,SH
sh.600310,1,,SH
sh.600312,1,,SH
sh.600313,1,,SH
sh.600315,1,,SH
sh.600316,1,,SH
sh.600318,1,,SH
sh.600319,1,,SH
sh.600320,1,,SH
sh.600322,1,,SH
sh.600323,1,,SH
sh.600325,1,,SH
sh.600326,1,,SH
sh.600327,1,,SH
sh.600328,1,,SH
sh.600329,1,,SH
sh.600330,1,,SH
sh.600331,1,,SH
sh.600332,1,,SH
sh.600333,1,,SH
sh.600335,1,,SH
sh.600336,1,,SH
sh.600337,1,,SH
sh.600338,1,,SH
sh.600339,1,,SH
sh.600340,1,,SH
sh.600343,1,,SH
sh.600345,1,,SH
sh.600346,1,,SH
sh.600348,1,,SH
sh.600350,1,,SH
sh.600351,1,,SH
sh.600352,1,,SH
sh.600353,1,,SH
sh.600354,1,,SH
sh.600355,1,,SH
sh.600356,1,,SH
sh.600358,1,,SH
sh.600359,1,,SH
sh.600360,1,,SH
sh.600361,1,,SH
sh.600362,1,,SH
sh.600363,1,,SH
sh.600365,1,,SH
sh.600366,1,,SH
sh.600367,1,,SH
sh.600368,1,,SH
sh.600369,1,,SH
sh.600370,1,,SH
sh.600371,1,,SH
sh.600372,1,,SH
sh.600373,1,,SH
sh.600375,1,,SH
sh.600376,1,,SH
sh.600377,1,,SH
sh.600378,1,,SH
sh.600379,1,,SH
sh.600380,1,,SH
sh.600381,1,,SH
sh.600382,1,,SH
sh.600383,1,,SH
sh.600386,1,,SH
sh.600388,1,,SH
sh.600389,1,,SH
sh.600390,1,,SH
sh.600391,1,,SH
sh.600392,1,,SH
sh.600395,1,,SH
sh.600396,1,,SH
sh.600397,1,,SH
sh.600398,1,,SH
sh.600399,1,,SH
sh.600400,1,,SH
sh.600403,1,,SH
sh.600405,1,,SH
sh.600406,1,,SH
sh.600408,1,,SH
sh.600409,1,,SH
sh.600410,1,,SH
sh.600415,1,,SH
sh.600416,1,,SH
sh.600418,1,,SH
sh.600419,1,,SH
sh.600420,1,,SH
sh.600421,1,,SH
sh.600422,1,,SH
sh.600423,1,,SH
sh.600425,1,,SH
sh.600426,1,,SH
sh.600428,1,,SH
sh.600429,1,,SH
sh.600433,1,,SH
sh.600435,1,,SH
sh.600436,1,,SH
sh.600438,1,,SH
sh.600439,1,,SH
sh.600444,1,,SH
sh.600446,1,,SH
sh.600448,1,,SH
sh.600449,1,,SH
sh.600452,1,,SH
sh.600455,1,,SH
sh.600456,1,,SH
sh.600458,1,,SH
sh.600459,1,,SH
sh.600460,1,,SH
sh.600461,1,,SH
sh.600463,1,,SH
sh.600467,1,,SH
sh.600468,1,,SH
sh.600469,1,,SH
sh.600470,1,,SH
sh.600475,1,,SH
sh.600476,1,,SH
sh.600477,1,,SH
sh.600478,1,,SH
sh.600479,1,,SH
sh.600480,1,,SH
sh.600481,1,,SH
sh.600482,1,,SH
sh.600483,1,,SH
sh.600486,1,,SH
sh.600487,1,,SH
sh.600488,1,,SH
sh.600489,1,,SH
sh.600490,1,,SH
sh.600491,1,,SH
sh.600493,1,,SH
sh.600495,1,,SH
sh.600496,1,,SH
sh.600497,1,,SH
sh.600498,1,,SH
sh.600499,1,,SH
sh.600500,1,,SH
sh.600501,1,,SH
sh.600502,1,,SH
sh.600503,1,,SH
sh.600505,1,,SH
sh.600506,1,,SH
sh.600507,1,,SH
sh.600508,1,,SH
sh.600509,1,,SH
sh.600510,1,,SH
sh.600511,1,,SH
sh.600512,1,,SH
sh.600513,1,,SH
sh.600515,1,,SH
sh.600516,1,,SH
sh.600517,1,,SH
sh.600518,1,,SH
sh.600519,1,,SH
sh.600520,1,,SH
sh.600521,1,,SH
sh.600522,1,,SH
sh.600523,1,,SH
sh.600525,1,,SH
sh.600526,1,,SH
sh.600527,1,,SH
sh.600528,1,,SH
sh.600529,1,,SH
sh.600530,1,,SH
sh.600531,1,,SH
sh.600533,1,,SH
sh.600535,1,,SH
sh.600536,1,,SH
sh.600537,1,,SH
sh.600538,1,,SH
sh.600539,1,,SH
sh.600540,1,,SH
sh.600543,1,,SH
sh.600545,1,,SH
sh.600546,1,,SH
sh.600547,1,,SH
sh.600548,1,,SH
sh.600549,1,,SH
sh.600550,1,,SH
sh.600551,1,,SH
sh.600552,1,,SH
sh.600556,1,,SH
sh.600557,1,,SH
sh.600558,1,,SH
sh.600559,1,,SH
sh.600560,1,,SH
sh.600561,1,,SH
sh.600562,1,,SH
sh.600563,1,,SH
sh.600566,1,,SH
sh.600567,1,,SH
sh.600568,1,,SH
sh.600569,1,,SH
sh.600570,1,,SH
sh.600571,1,,SH
sh.600572,1,,SH
sh.600573,1,,SH
sh.600575,1,,SH
sh.600576,1,,SH
sh.600577,1,,SH
sh.600578,1,,SH
sh.600579,1,,SH
sh.600580,1,,SH
sh.600581,1,,SH
sh.600582,1,,SH
sh.600583,1,,SH
sh.600584,1,,SH
sh.600585,1,,SH
sh.600586,1,,SH
sh.600587,1,,SH
sh.600588,1,,SH
sh.600589,1,,SH
sh.600590,1,,SH
sh.600592,1,,SH
sh.600593,1,,SH
sh.600594,1,,SH
sh.600595,1,,SH
sh.600596,1,,SH
sh.600597,1,,SH
sh.600598,1,,SH
sh.600599,1,,SH
sh.600600,1,,SH
sh.600601,1,,SH
sh.600602,1,,SH
sh.600603,1,,SH
sh.600604,1,,SH
sh.600605,1,,SH
sh.600606,1,,SH
sh.600608,1,,SH
sh.600609,1,,SH
sh.600610,1,,SH
sh.600611,1,,SH
sh.600612,1,,SH
sh.600613,1,,SH
sh.600615,1,,SH
sh.600616,1,,SH
sh.600617,1,,SH
sh.600618,1,,SH
sh.600619,1,,SH
sh.600620,1,,SH
sh.600621,1,,SH
sh.600622,1,,SH
sh.600623,1,,SH
sh.600624,1,,SH
sh.600626,1,,SH
sh.600628,1,,SH
sh.600629,1,,SH
sh.600630,1,,SH
sh.600633,1,,SH
sh.600635,1,,SH
sh.600636,1,,SH
sh.600637,1,,SH
sh.600638,1,,SH
sh.600639,1,,SH
sh.600640,1,,SH
sh.600641,1,,SH
sh.600642,1,,SH
sh.600643,1,,SH
sh.600644,1,,SH
sh.600645,1,,SH
sh.600648,1,,SH
sh.600649,1,,SH
sh.600650,1,,SH
sh.600651,1,,SH
sh.600653,1,,SH
sh.600654,1,,SH
sh.600655,1,,SH
sh.600657,1,,SH
sh.600658,1,,SH
sh.600660,1,,SH
sh.600661,1,,SH
sh.600662,1,,SH
sh.600663,1,,SH
sh.600664,1,,SH
sh.600665,1,,SH
sh.600666,1,,SH
sh.600667,1,,SH
sh.600668,1,,SH
sh.600671,1,,SH
sh.600673,1,,SH
sh.600674,1,,SH
sh.600675,1,,SH
sh.600676,1,,SH
sh.600678,1,,SH
sh.600679,1,,SH
sh.600681,1,,SH
sh.600682,1,,SH
sh.600683,1,,SH
sh.600684,1,,SH
sh.600685,1,,SH
sh.600686,1,,SH
sh.600688,1,,SH
sh.600689,1,,SH
sh.600690,1,,SH
sh.600691,1,,SH
sh.600692,1,,SH
sh.600693,1,,SH
sh.600694,1,,SH
sh.600696,1,,SH
sh.600697,1,,SH
sh.600698,1,,SH
sh.600699,1,,SH
sh.600702,1,,SH
sh.600703,1,,SH
sh.600704,1,,SH
sh.600706,1,,SH
sh.600707,1,,SH
sh.600708,1,,SH
sh.600710,1,,SH
sh.600711,1,,SH
sh.600712,1,,SH
sh.600713,1,,SH
sh.600714,1,,SH
sh.600715,1,,SH
sh.600716,1,,SH
sh.600717,1,,SH
sh.600718,1,,SH
sh.600719,1,,SH
sh.600720,1,,SH
sh.600721,1,,SH
sh.600722,1,,SH
sh.600724,1,,SH
sh.600725,1,,SH
sh.600726,1,,SH
sh.600727,1,,SH
sh.600728,1,,SH
sh.600729,1,,SH
sh.600730,1,,SH
sh.600731,1,,SH
sh.600732,1,,SH
sh.600733,1,,SH
sh.600734,1,,SH
sh.600735,1,,SH
sh.600736,1,,SH
sh.600737,1,,SH
sh.600738,1,,SH
sh.600739,1,,SH
sh.600740,1,,SH
sh.600741,1,,SH
sh.600742,1,,SH
sh.600743,1,,SH
sh.600744,1,,SH
sh.600745,1,,SH
sh.600746,1,,SH
sh.600748,1,,SH
sh.600749,1,,SH
sh.600750,1,,SH
sh.600751,1,,SH
sh.600753,1,,SH
sh.600754,1,,SH
sh.600755,1,,SH
sh.600756,1,,SH
sh.600757,1,,SH
sh.600758,1,,SH
sh.600759,1,,SH
sh.600760,1,,SH
sh.600761,1,,SH
sh.600763,1,,SH
sh.600764,1,,SH
sh.600765,1,,SH
sh.600768,1,,SH
sh.600769,1,,SH
sh.600770,1,,SH
sh.600771,1,,SH
sh.600773,1,,SH
sh.600774,1,,SH
sh.600775,1,,SH
sh.600776,1,,SH
sh.600777,1,,SH
sh.600778,1,,SH
sh.600779,1,,SH
sh.600780,1,,SH
sh.600782,1,,SH
sh.600783,1,,SH
sh.600784,1,,SH
sh.600785,1,,SH
sh.600787,1,,SH
sh.600789,1,,SH
sh.600790,1,,SH
sh.600791,1,,SH
sh.600792,1,,SH
sh.600793,1,,SH
sh.600794,1,,SH
sh.600795,1,,SH
sh.600796,1,,SH
sh.600797,1,,SH
sh.600798,1,,SH
sh.600800,1,,SH
sh.600801,1,,SH
sh.600802,1,,SH
sh.600803,1,,SH
sh.600805,1,,SH
sh.600807,1,,SH
sh.600808,1,,SH
sh.600809,1,,SH
sh.600810,1,,SH
sh.600812,1,,SH
sh.600814,1,,SH
sh.600815,1,,SH
sh.600816,1,,SH
sh.600817,1,,SH
sh.600818,1,,SH
sh.600819,1,,SH
sh.600820,1,,SH
sh.600821,1,,SH
sh.600822,1,,SH
sh.600824,1,,SH
sh.600825,1,,SH
sh.600826,1,,SH
sh.600827,1,,SH
sh.600828,1,,SH
sh.600829,1,,SH
sh.600830,1,,SH
sh.600831,1,,SH
sh.600833,1,,SH
sh.600834,1,,SH
sh.600835,1,,SH
sh.600838,1,,SH
sh.600839,1,,SH
sh.600841,1,,SH
sh.600843,1,,SH
sh.600844,1,,SH
sh.600845,1,,SH
sh.600846,1,,SH
sh.600847,1,,SH
sh.600848,1,,SH
sh.600850,1,,SH
sh.600851,1,,SH
sh.600853,1,,SH
sh.600854,1,,SH
sh.600855,1,,SH
sh.600857,1,,SH
sh.600858,1,,SH
sh.600859,1,,SH
sh.600860,1,,SH
sh.600861,1,,SH
sh.600862,1,,SH
sh.600863,1,,SH
sh.600864,1,,SH
sh.600865,1,,SH
sh.600866,1,,SH
sh.600867,1,,SH
sh.600868,1,,SH
sh.600869,1,,SH
sh.600871,1,,SH
sh.600872,1,,SH
sh.600873,1,,SH
sh.600874,1,,SH
sh.600875,1,,SH
sh.600876,1,,SH
sh.600877,1,,SH
sh.600879,1,,SH
sh.600880,1,,SH
sh.600881,1,,SH
sh.600882,1,,SH
sh.600883,1,,SH
sh.600884,1,,SH
sh.600885,1,,SH
sh.600886,1,,SH
sh.600887,1,,SH
sh.600888,1,,SH
sh.600889,1,,SH
sh.600892,1,,SH
sh.600893,1,,SH
sh.600894,1,,SH
sh.600895,1,,SH
sh.600897,1,,SH
sh.600900,1,,SH
sh.600901,1,,SH
sh.600903,1,,SH
sh.600905,1,,SH
sh.600906,1,,SH
sh.600908,1,,SH
sh.600909,1,,SH
sh.600916,1,,SH
sh.600917,1,,SH
sh.600918,1,,SH
sh.600919,1,,SH
sh.600925,1,,SH
sh.600926,1,,SH
sh.600927,1,,SH
sh.600928,1,,SH
sh.600929,1,,SH
sh.600930,1,,SH
sh.600933,1,,SH
sh.600935,1,,SH
sh.600936,1,,SH
sh.600938,1,,SH
sh.600939,1,,SH
sh.600941,1,,SH
sh.600955,1,,SH
sh.600956,1,,SH
sh.600958,1,,SH
sh.600959,1,,SH
sh.600960,1,,SH
sh.600961,1,,SH
sh.600962,1,,SH
sh.600963,1,,SH
sh.600965,1,,SH
sh.600966,1,,SH
sh.600967,1,,SH
sh.600968,1,,SH
sh.600969,1,,SH
sh.600970,1,,SH
sh.600971,1,,SH
sh.600973,1,,SH
sh.600975,1,,SH
sh.600976,1,,SH
sh.600977,1,,SH
sh.600979,1,,SH
sh.600980,1,,SH
sh.600981,1,,SH
sh.600982,1,,SH
sh.600983,1,,SH
sh.600984,1,,SH
sh.600985,1,,SH
sh.600986,1,,SH
sh.600987,1,,SH
sh.600988,1,,SH
sh.600989,1,,SH
sh.600990,1,,SH
sh.600992,1,,SH
sh.600993,1,,SH
sh.600995,1,,SH
sh.600996,1,,SH
sh.600997,1,,SH
sh.600998,1,,SH
sh.600999,1,,SH
sh.601000,1,,SH
sh.601001,1,,SH
sh.601002,1,,SH
sh.601003,1,,SH
sh.601005,1,,SH
sh.601006,1,,SH
sh.601007,1,,SH
sh.601008,1,,SH
sh.601009,1,,SH
sh.601010,1,,SH
sh.601011,1,,SH
sh.601012,1,,SH
sh.601015,1,,SH
sh.601016,1,,SH
sh.601018,1,,SH
sh.601019,1,,SH
sh.601020,1,,SH
sh.601021,1,,SH
sh.601022,1,,SH
sh.601026,1,,SH
sh.601033,1,,SH
sh.601038,1,,SH
sh.601058,1,,SH
sh.601059,1,,SH
sh.601061,1,,SH
sh.601065,1,,SH
sh.601066,1,,SH
sh.601068,1,,SH
sh.601069,1,,SH
sh.601077,1,,SH
sh.601083,1,,SH
sh.601086,1,,SH
sh.601088,1,,SH
sh.601089,1,,SH
sh.601096,1,,SH
sh.601098,1,,SH
sh.601099,1,,SH
sh.601100,1,,SH
sh.601101,1,,SH
sh.601106,1,,SH
sh.601107,1,,SH
sh.601108,1,,SH
sh.601111,1,,SH
sh.601112,1,,SH
sh.601113,1,,SH
sh.601116,1,,SH
sh.601117,1,,SH
sh.601118,1,,SH
sh.601121,1,,SH
sh.601126,1,,SH
sh.601127,1,,SH
sh.601128,1,,SH
sh.601133,1,,SH
sh.601136,1,,SH
sh.601137,1,,SH
sh.601138,1,,SH
sh.601139,1,,SH
sh.601155,1,,SH
sh.601156,1,,SH
sh.601158,1,,SH
sh.601162,1,,SH
sh.601163,1,,SH
sh.601166,1,,SH
sh.601168,1,,SH
sh.601169,1,,SH
sh.601177,1,,SH
sh.601179,1,,SH
sh.601186,1,,SH
sh.601187,1,,SH
sh.601188,1,,SH
sh.601198,1,,SH
sh.601199,1,,SH
sh.601200,1,,SH
sh.601208,1,,SH
sh.601211,1,,SH
sh.601212,1,,SH
sh.601216,1,,SH
sh.601218,1,,SH
sh.601222,1,,SH
sh.601225,1,,SH
sh.601226,1,,SH
sh.601228,1,,SH
sh.601229,1,,SH
sh.601231,1,,SH
sh.601233,1,,SH
sh.601236,1,,SH
sh.601238,1,,SH
sh.601279,1,,SH
sh.601288,1,,SH
sh.601298,1,,SH
sh.601311,1,,SH
sh.601318,1,,SH
sh.601319,1,,SH
sh.601326,1,,SH
sh.601328,1,,SH
sh.601330,1,,SH
sh.601333,1,,SH
sh.601336,1,,SH
sh.601339,1,,SH
sh.601360,1,,SH
sh.601366,1,,SH
sh.601368,1,,SH
sh.601369,1,,SH
sh.601375,1,,SH
sh.601377,1,,SH
sh.601388,1,,SH
sh.601390,1,,SH
sh.601398,1,,SH
sh.601399,1,,SH
sh.601456,1,,SH
sh.601500,1,,SH
sh.601512,1,,SH
sh.601515,1,,SH
sh.601518,1,,SH
sh.601519,1,,SH
sh.601528,1,,SH
sh.601555,1,,SH
sh.601566,1,,SH
sh.601567,1,,SH
sh.601568,1,,SH
sh.601577,1,,SH
sh.601579,1,,SH
sh.601588,1,,SH
sh.601595,1,,SH
sh.601598,1,,SH
sh.601599,1,,SH
sh.601600,1,,SH
sh.601601,1,,SH
sh.601606,1,,SH
sh.601607,1,,SH
sh.601608,1,,SH
sh.601609,1,,SH
sh.601611,1,,SH
sh.601615,1,,SH
sh.601616,1,,SH
sh.601618,1,,SH
sh.601619,1,,SH
sh.601628,1,,SH
sh.601633,1,,SH
sh.601636,1,,SH
sh.601658,1,,SH
sh.601665,1,,SH
sh.601666,1,,SH
sh.601668,1,,SH
sh.601669,1,,SH
sh.601677,1,,SH
sh.601678,1,,SH
sh.601686,1,,SH
sh.601688,1,,SH
sh.601689,1,,SH
sh.601696,1,,SH
sh.601698,1,,SH
sh.601699,1,,SH
sh.601700,1,,SH
sh.601702,1,,SH
sh.601717,1,,SH
sh.601718,1,,SH
sh.601727,1,,SH
sh.601728,1,,SH
sh.601766,1,,SH
sh.601777,1,,SH
sh.601778,1,,SH
sh.601788,1,,SH
sh.601789,1,,SH
sh.601798,1,,SH
sh.601799,1,,SH
sh.601800,1,,SH
sh.601801,1,,SH
sh.601808,1,,SH
sh.601811,1,,SH
sh.601816,1,,SH
sh.601818,1,,SH
sh.601825,1,,SH
sh.601827,1,,SH
sh.601828,1,,SH
sh.601838,1,,SH
sh.601857,1,,SH
sh.601858,1,,SH
sh.601860,1,,SH
sh.601865,1,,SH
sh.601866,1,,SH
sh.601868,1,,SH
sh.601869,1,,SH
sh.601872,1,,SH
sh.601877,1,,SH
sh.601878,1,,SH
sh.601880,1,,SH
sh.601881,1,,SH
sh.601882,1,,SH
sh.601886,1,,SH
sh.601888,1,,SH
sh.601890,1,,SH
sh.601898,1,,SH
sh.601899,1,,SH
sh.601900,1,,SH
sh.601901,1,,SH
sh.601908,1,,SH
sh.601916,1,,SH
sh.601918,1,,SH
sh.601919,1,,SH
sh.601921,1,,SH
sh.601928,1,,SH
sh.601929,1,,SH
sh.601933,1,,SH
sh.601939,1,,SH
sh.601949,1,,SH
sh.601952,1,,SH
sh.601956,1,,SH
sh.601958,1,,SH
sh.601963,1,,SH
sh.601965,1,,SH
sh.601966,1,,SH
sh.601968,1,,SH
sh.601969,1,,SH
sh.601975,1,,SH
sh.601985,1,,SH
sh.601988,1,,SH
sh.601990,1,,SH
sh.601991,1,,SH
sh.601992,1,,SH
sh.601995,1,,SH
sh.601996,1,,SH
sh.601997,1,,SH
sh.601998,1,,SH
sh.601999,1,,SH
sh.603000,1,,SH
sh.603001,1,,SH
sh.603002,1,,SH
sh.603004,1,,SH
sh.603005,1,,SH
sh.603006,1,,SH
sh.603007,1,,SH
sh.603008,1,,SH
sh.603009,1,,SH
sh.603010,1,,SH
sh.603011,1,,SH
sh.603012,1,,SH
sh.603013,1,,SH
sh.603014,1,,SH
sh.603015,1,,SH
sh.603016,1,,SH
sh.603017,1,,SH
sh.603018,1,,SH
sh.603019,1,,SH
sh.603020,1,,SH
sh.603021,1,,SH
sh.603022,1,,SH
sh.603023,1,,SH
sh.603025,1,,SH
sh.603026,1,,SH
sh.603027,1,,SH
sh.603028,1,,SH
sh.603029,1,,SH
sh.603030,1,,SH
sh.603031,1,,SH
sh.603032,1,,SH
sh.603033,1,,SH
sh.603035,1,,SH
sh.603036,1,,SH
sh.603037,1,,SH
sh.603038,1,,SH
sh.603039,1,,SH
sh.603040,1,,SH
sh.603041,1,,SH
sh.603042,1,,SH
sh.603043,1,,SH
sh.603045,1,,SH
sh.603048,1,,SH
sh.603049,1,,SH
sh.603050,1,,SH
sh.603051,1,,SH
sh.603052,1,,SH
sh.603053,1,,SH
sh.603055,1,,SH
sh.603056,1,,SH
sh.603057,1,,SH
sh.603058,1,,SH
sh.603059,1,,SH
sh.603060,1,,SH
sh.603061,1,,SH
sh.603062,1,,SH
sh.603063,1,,SH
sh.603065,1,,SH
sh.603066,1,,SH
sh.603067,1,,SH
sh.603068,1,,SH
sh.603069,1,,SH
sh.603070,1,,SH
sh.603071,1,,SH
sh.603072,1,,SH
sh.603073,1,,SH
sh.603075,1,,SH
sh.603076,1,,SH
sh.603077,1,,SH
sh.603078,1,,SH
sh.603079,1,,SH
sh.603080,1,,SH
sh.603081,1,,SH
sh.603082,1,,SH
sh.603083,1,,SH
sh.603085,1,,SH
sh.603086,1,,SH
sh.603087,1,,SH
sh.603088,1,,SH
sh.603089,1,,SH
sh.603090,1,,SH
sh.603091,1,,SH
sh.603092,1,,SH
sh.603093,1,,SH
sh.603095,1,,SH
sh.603096,1,,SH
sh.603097,1,,SH
sh.603098,1,,SH
sh.603099,1,,SH
sh.603100,1,,SH
sh.603101,1,,SH
sh.603102,1,,SH
sh.603103,1,,SH
sh.603105,1,,SH
sh.603106,1,,SH
sh.603107,1,,SH
sh.603108,1,,SH
sh.603109,1,,SH
sh.603110,1,,SH
sh.603111,1,,SH
sh.603112,1,,SH
sh.603113,1,,SH
sh.603115,1,,SH
sh.603116,1,,SH
sh.603117,1,,SH
sh.603118,1,,SH
sh.603119,1,,SH
sh.603120,1,,SH
sh.603121,1,,SH
sh.603122,1,,SH
sh.603123,1,,SH
sh.603124,1,,SH
sh.603125,1,,SH
sh.603126,1,,SH
sh.603127,1,,SH
sh.603128,1,,SH
sh.603129,1,,SH
sh.603130,1,,SH
sh.603131,1,,SH
sh.603132,1,,SH
sh.603135,1,,SH
sh.603136,1,,SH
sh.603137,1,,SH
sh.603138,1,,SH
sh.603139,1,,SH
sh.603150,1,,SH
sh.603151,1,,SH
sh.603153,1,,SH
sh.603155,1,,SH
sh.603156,1,,SH
sh.603158,1,,SH
sh.603159,1,,SH
sh.603160,1,,SH
sh.603161,1,,SH
sh.603162,1,,SH
sh.603163,1,,SH
sh.603165,1,,SH
sh.603166,1,,SH
sh.603167,1,,SH
sh.603168,1,,SH
sh.603169,1,,SH
sh.603170,1,,SH
sh.603171,1,,SH
sh.603172,1,,SH
sh.603173,1,,SH
sh.603175,1,,SH
sh.603176,1,,SH
sh.603177,1,,SH
sh.603178,1,,SH
sh.603179,1,,SH
sh.603180,1,,SH
sh.603181,1,,SH
sh.603182,1,,SH
sh.603183,1,,SH
sh.603185,1,,SH
sh.603186,1,,SH
sh.603187,1,,SH
sh.603188,1,,SH
sh.603189,1,,SH
sh.603190,1,,SH
sh.603191,1,,SH
sh.603192,1,,SH
sh.603193,1,,SH
sh.603194,1,,SH
sh.603195,1,,SH
sh.603196,1,,SH
sh.603197,1,,SH
sh.603198,1,,SH
sh.603199,1,,SH
sh.603200,1,,SH
sh.603201,1,,SH
sh.603202,1,,SH
sh.603203,1,,SH
sh.603205,1,,SH
sh.603206,1,,SH
sh.603207,1,,SH
sh.603208,1,,SH
sh.603209,1,,SH
sh.603210,1,,SH
sh.603211,1,,SH
sh.603212,1,,SH
sh.603213,1,,SH
sh.603214,1,,SH
sh.603215,1,,SH
sh.603216,1,,SH
sh.603217,1,,SH
sh.603218,1,,SH
sh.603219,1,,SH
sh.603220,1,,SH
sh.603221,1,,SH
sh.603222,1,,SH
sh.603223,1,,SH
sh.603225,1,,SH
sh.603226,1,,SH
sh.603227,1,,SH
sh.603228,1,,SH
sh.603229,1,,SH
sh.603230,1,,SH
sh.603231,1,,SH
sh.603232,1,,SH
sh.603233,1,,SH
sh.603235,1,,SH
sh.603236,1,,SH
sh.603237,1,,SH
sh.603238,1,,SH
sh.603239,1,,SH
sh.603248,1,,SH
sh.603255,1,,SH
sh.603256,1,,SH
sh.603257,1,,SH
sh.603258,1,,SH
sh.603259,1,,SH
sh.603260,1,,SH
sh.603261,1,,SH
sh.603262,1,,SH
sh.603266,1,,SH
sh.603267,1,,SH
sh.603268,1,,SH
sh.603269,1,,SH
sh.603270,1,,SH
sh.603271,1,,SH
sh.603272,1,,SH
sh.603273,1,,SH
sh.603275,1,,SH
sh.603276,1,,SH
sh.603277,1,,SH
sh.603278,1,,SH
sh.603279,1,,SH
sh.603280,1,,SH
sh.603281,1,,SH
sh.603282,1,,SH
sh.603283,1,,SH
sh.603284,1,,SH
sh.603285,1,,SH
sh.603286,1,,SH
sh.603288,1,,SH
sh.603289,1,,SH
sh.603290,1,,SH
sh.603291,1,,SH
sh.603296,1,,SH
sh.603297,1,,SH
sh.603298,1,,SH
sh.603299,1,,SH
sh.603300,1,,SH
sh.603301,1,,SH
sh.603303,1,,SH
sh.603305,1,,SH
sh.603306,1,,SH
sh.603307,1,,SH
sh.603308,1,,SH
sh.603309,1,,SH
sh.603310,1,,SH
sh.603311,1,,SH
sh.603312,1,,SH
sh.603313,1,,SH
sh.603315,1,,SH
sh.603316,1,,SH
sh.603317,1,,SH
sh.603318,1,,SH
sh.603319,1,,SH
sh.603320,1,,SH
sh.603321,1,,SH
sh.603322,1,,SH
sh.603323,1,,SH
sh.603324,1,,SH
sh.603325,1,,SH
sh.603326,1,,SH
sh.603327,1,,SH
sh.603328,1,,SH
sh.603329,1,,SH
sh.603330,1,,SH
sh.603331,1,,SH
sh.603332,1,,SH
sh.603333,1,,SH
sh.603334,1,,SH
sh.603335,1,,SH
sh.603336,1,,SH
sh.603337,1,,SH
sh.603338,1,,SH
sh.603339,1,,SH
sh.603341,1,,SH
sh.603344,1,,SH
sh.603345,1,,SH
sh.603348,1,,SH
sh.603350,1,,SH
sh.603351,1,,SH
sh.603352,1,,SH
sh.603353,1,,SH
sh.603355,1,,SH
sh.603356,1,,SH
sh.603357,1,,SH
sh.603358,1,,SH
sh.603359,1,,SH
sh.603360,1,,SH
sh.603363,1,,SH
sh.603365,1,,SH
sh.603366,1,,SH
sh.603367,1,,SH
sh.603368,1,,SH
sh.603369,1,,SH
sh.603370,1,,SH
sh.603373,1,,SH
sh.603375,1,,SH
sh.603376,1,,SH
sh.603377,1,,SH
sh.603378,1,,SH
sh.603379,1,,SH
sh.603380,1,,SH
sh.603381,1,,SH
sh.603382,1,,SH
sh.603383,1,,SH
sh.603385,1,,SH
sh.603386,1,,SH
sh.603387,1,,SH
sh.603389,1,,SH
sh.603390,1,,SH
sh.603391,1,,SH
sh.603392,1,,SH
sh.603393,1,,SH
sh.603395,1,,SH
sh.603396,1,,SH
sh.603398,1,,SH
sh.603399,1,,SH
sh.603400,1,,SH
sh.603402,1,,SH
sh.603406,1,,SH
sh.603408,1,,SH
sh.603409,1,,SH
sh.603416,1,,SH
sh.603418,1,,SH
sh.603421,1,,SH
sh.603429,1,,SH
sh.603439,1,,SH
sh.603444,1,,SH
sh.603456,1,,SH
sh.603458,1,,SH
sh.603459,1,,SH
sh.603466,1,,SH
sh.603477,1,,SH
sh.603486,1,,SH
sh.603488,1,,SH
sh.603489,1,,SH
sh.603496,1,,SH
sh.603499,1,,SH
sh.603500,1,,SH
sh.603501,1,,SH
sh.603505,1,,SH
sh.603506,1,,SH
sh.603507,1,,SH
sh.603508,1,,SH
sh.603511,1,,SH
sh.603515,1,,SH
sh.603516,1,,SH
sh.603517,1,,SH
sh.603518,1,,SH
sh.603519,1,,SH
sh.603520,1,,SH
sh.603527,1,,SH
sh.603528,1,,SH
sh.603529,1,,SH
sh.603530,1,,SH
sh.603533,1,,SH
sh.603535,1,,SH
sh.603536,1,,SH
sh.603538,1,,SH
sh.603551,1,,SH
sh.603556,1,,SH
sh.603557,1,,SH
sh.603558,1,,SH
sh.603559,1,,SH
sh.603565,1,,SH
sh.603566,1,,SH
sh.603567,1,,SH
sh.603568,1,,SH
sh.603569,1,,SH
sh.603577,1,,SH
sh.603578,1,,SH
sh.603579,1,,SH
sh.603580,1,,SH
sh.603583,1,,SH
sh.603585,1,,SH
sh.603586,1,,SH
sh.603587,1,,SH
sh.603588,1,,SH
sh.603589,1,,SH
sh.603590,1,,SH
sh.603595,1,,SH
sh.603596,1,,SH
sh.603598,1,,SH
sh.603599,1,,SH
sh.603600,1,,SH
sh.603601,1,,SH
sh.603602,1,,SH
sh.603605,1,,SH
sh.603606,1,,SH
sh.603607,1,,SH
sh.603608,1,,SH
sh.603609,1,,SH
sh.603610,1,,SH
sh.603611,1,,SH
sh.603612,1,,SH
sh.603613,1,,SH
sh.603615,1,,SH
sh.603616,1,,SH
sh.603617,1,,SH
sh.603618,1,,SH
sh.603619,1,,SH
sh.603626,1,,SH
sh.603628,1,,SH
sh.603629,1,,SH
sh.603630,1,,SH
sh.603633,1,,SH
sh.603636,1,,SH
sh.603637,1,,SH
sh.603638,1,,SH
sh.603639,1,,SH
sh.603648,1,,SH
sh.603650,1,,SH
sh.603655,1,,SH
sh.603656,1,,SH
sh.603657,1,,SH
sh.603658,1,,SH
sh.603659,1,,SH
sh.603660,1,,SH
sh.603661,1,,SH
sh.603662,1,,SH
sh.603663,1,,SH
sh.603665,1,,SH
sh.603666,1,,SH
sh.603667,1,,SH
sh.603668,1,,SH
sh.603669,1,,SH
sh.603676,1,,SH
sh.603677,1,,SH
sh.603678,1,,SH
sh.603679,1,,SH
sh.603680,1,,SH
sh.603681,1,,SH
sh.603682,1,,SH
sh.603683,1,,SH
sh.603685,1,,SH
sh.603686,1,,SH
sh.603687,1,,SH
sh.603688,1,,SH
sh.603689,1,,SH
sh.603690,1,,SH
sh.603693,1,,SH
sh.603696,1,,SH
sh.603697,1,,SH
sh.603698,1,,SH
sh.603699,1,,SH
sh.603700,1,,SH
sh.603701,1,,SH
sh.603703,1,,SH
sh.603706,1,,SH
sh.603707,1,,SH
sh.603708,1,,SH
sh.603709,1,,SH
sh.603711,1,,SH
sh.603712,1,,SH
sh.603713,1,,SH
sh.603716,1,,SH
sh.603717,1,,SH
sh.603718,1,,SH
sh.603719,1,,SH
sh.603721,1,,SH
sh.603722,1,,SH
sh.603725,1,,SH
sh.603726,1,,SH
sh.603727,1,,SH
sh.603728,1,,SH
sh.603729,1,,SH
sh.603730,1,,SH
sh.603733,1,,SH
sh.603737,1,,SH
sh.603738,1,,SH
sh.603739,1,,SH
sh.603755,1,,SH
sh.603757,1,,SH
sh.603758,1,,SH
sh.603759,1,,SH
sh.603766,1,,SH
sh.603767,1,,SH
sh.603768,1,,SH
sh.603773,1,,SH
sh.603776,1,,SH
sh.603777,1,,SH
sh.603778,1,,SH
sh.603779,1,,SH
sh.603786,1,,SH
sh.603787,1,,SH
sh.603788,1,,SH
sh.603789,1,,SH
sh.603790,1,,SH
sh.603797,1,,SH
sh.603798,1,,SH
sh.603799,1,,SH
sh.603800,1,,SH
sh.603801,1,,SH
sh.603803,1,,SH
sh.603806,1,,SH
sh.603808,1,,SH
sh.603809,1,,SH
sh.603810,1,,SH
sh.603811,1,,SH
sh.603813,1,,SH
sh.603815,1,,SH
sh.603816,1,,SH
sh.603817,1,,SH
sh.603818,1,,SH
sh.603819,1,,SH
sh.603822,1,,SH
sh.603823,1,,SH
sh.603825,1,,SH
sh.603826,1,,SH
sh.603828,1,,SH
sh.603829,1,,SH
sh.603833,1,,SH
sh.603836,1,,SH
sh.603838,1,,SH
sh.603839,1,,SH
sh.603843,1,,SH
sh.603848,1,,SH
sh.603855,1,,SH
sh.603856,1,,SH
sh.603858,1,,SH
sh.603859,1,,SH
sh.603860,1,,SH
sh.603861,1,,SH
sh.603863,1,,SH
sh.603866,1,,SH
sh.603867,1,,SH
sh.603868,1,,SH
sh.603869,1,,SH
sh.603871,1,,SH
sh.603876,1,,SH
sh.603877,1,,SH
sh.603878,1,,SH
sh.603879,1,,SH
sh.603880,1,,SH
sh.603881,1,,SH
sh.603882,1,,SH
sh.603883,1,,SH
sh.603885,1,,SH
sh.603886,1,,SH
sh.603887,1,,SH
sh.603888,1,,SH
sh.603889,1,,SH
sh.603890,1,,SH
sh.603893,1,,SH
sh.603895,1,,SH
sh.603896,1,,SH
sh.603897,1,,SH
sh.603898,1,,SH
sh.603899,1,,SH
sh.603900,1,,SH
sh.603901,1,,SH
sh.603903,1,,SH
sh.603906,1,,SH
sh.603908,1,,SH
sh.603909,1,,SH
sh.603912,1,,SH
sh.603915,1,,SH
sh.603916,1,,SH
sh.603917,1,,SH
sh.603918,1,,SH
sh.603919,1,,SH
sh.603920,1,,SH
sh.603922,1,,SH
sh.603926,1,,SH
sh.603927,1,,SH
sh.603928,1,,SH
sh.603929,1,,SH
sh.603931,1,,SH
sh.603933,1,,SH
sh.603936,1,,SH
sh.603937,1,,SH
sh.603938,1,,SH
sh.603939,1,,SH
sh.603948,1,,SH
sh.603949,1,,SH
sh.603950,1,,SH
sh.603955,1,,SH
sh.603956,1,,SH
sh.603958,1,,SH
sh.603959,1,,SH
sh.603960,1,,SH
sh.603966,1,,SH
sh.603967,1,,SH
sh.603968,1,,SH
sh.603969,1,,SH
sh.603970,1,,SH
sh.603976,1,,SH
sh.603977,1,,SH
sh.603978,1,,SH
sh.603979,1,,SH
sh.603980,1,,SH
sh.603982,1,,SH
sh.603983,1,,SH
sh.603985,1,,SH
sh.603986,1,,SH
sh.603987,1,,SH
sh.603988,1,,SH
sh.603989,1,,SH
sh.603990,1,,SH
sh.603991,1,,SH
sh.603992,1,,SH
sh.603993,1,,SH
sh.603995,1,,SH
sh.603997,1,,SH
sh.603998,1,,SH
sh.603999,1,,SH
sh.605001,1,,SH
sh.605003,1,,SH
sh.605005,1,,SH
sh.605006,1,,SH
sh.605007,1,,SH
sh.605008,1,,SH
sh.605009,1,,SH
sh.605011,1,,SH
sh.605016,1,,SH
sh.605018,1,,SH
sh.605020,1,,SH
sh.605028,1,,SH
sh.605033,1,,SH
sh.605050,1,,SH
sh.605055,1,,SH
sh.605056,1,,SH
sh.605058,1,,SH
sh.605060,1,,SH
sh.605066,1,,SH
sh.605068,1,,SH
sh.605069,1,,SH
sh.605077,1,,SH
sh.605080,1,,SH
sh.605081,1,,SH
sh.605086,1,,SH
sh.605088,1,,SH
sh.605089,1,,SH
sh.605090,1,,SH
sh.605098,1,,SH
sh.605099,1,,SH
sh.605100,1,,SH
sh.605108,1,,SH
sh.605111,1,,SH
sh.605116,1,,SH
sh.605117,1,,SH
sh.605118,1,,SH
sh.605122,1,,SH
sh.605123,1,,SH
sh.605128,1,,SH
sh.605133,1,,SH
sh.605136,1,,SH
sh.605138,1,,SH
sh.605151,1,,SH
sh.605155,1,,SH
sh.605158,1,,SH
sh.605162,1,,SH
sh.605166,1,,SH
sh.605167,1,,SH
sh.605168,1,,SH
sh.605169,1,,SH
sh.605177,1,,SH
sh.605178,1,,SH
sh.605179,1,,SH
sh.605180,1,,SH
sh.605183,1,,SH
sh.605186,1,,SH
sh.605188,1,,SH
sh.605189,1,,SH
sh.605196,1,,SH
sh.605198,1,,SH
sh.605199,1,,SH
sh.605208,1,,SH
sh.605218,1,,SH
sh.605222,1,,SH
sh.605228,1,,SH
sh.605255,1,,SH
sh.605258,1,,SH
sh.605259,1,,SH
sh.605266,1,,SH
sh.605268,1,,SH
sh.605277,1,,SH
sh.605286,1,,SH
sh.605287,1,,SH
sh.605288,1,,SH
sh.605289,1,,SH
sh.605296,1,,SH
sh.605298,1,,SH
sh.605299,1,,SH
sh.605300,1,,SH
sh.605303,1,,SH
sh.605305,1,,SH
sh.605318,1,,SH
sh.605319,1,,SH
sh.605333,1,,SH
sh.605336,1,,SH
sh.605337,1,,SH
sh.605338,1,,SH
sh.605339,1,,SH
sh.605358,1,,SH
sh.605365,1,,SH
sh.605366,1,,SH
sh.605368,1,,SH
sh.605369,1,,SH
sh.605376,1,,SH
sh.605377,1,,SH
sh.605378,1,,SH
sh.605388,1,,SH
sh.605389,1,,SH
sh.605398,1,,SH
sh.605399,1,,SH
sh.605488,1,,SH
sh.605499,1,,SH
sh.605500,1,,SH
sh.605507,1,,SH
sh.605555,1,,SH
sh.605566,1,,SH
sh.605567,1,,SH
sh.605577,1,,SH
sh.605580,1,,SH
sh.605588,1,,SH
sh.605589,1,,SH
sh.605598,1,,SH
sh.605599,1,,SH
sh.688001,1,,SH
sh.688002,1,,SH
sh.688003,1,,SH
sh.688004,1,,SH
sh.688005,1,,SH
sh.688006,1,,SH
sh.688007,1,,SH
sh.688008,1,,SH
sh.688009,1,,SH
sh.688010,1,,SH
sh.688011,1,,SH
sh.688012,1,,SH
sh.688013,1,,SH
sh.688015,1,,SH
sh.688016,1,,SH
sh.688017,1,,SH
sh.688018,1,,SH
sh.688019,1,,SH
sh.688020,1,,SH
sh.688021,1,,SH
sh.688022,1,,SH
sh.688023,1,,SH
sh.688025,1,,SH
sh.688026,1,,SH
sh.688027,1,,SH
sh.688028,1,,SH
sh.688029,1,,SH
sh.688030,1,,SH
sh.688031,1,,SH
sh.688032,1,,SH
sh.688033,1,,SH
sh.688035,1,,SH
sh.688036,1,,SH
sh.688037,1,,SH
sh.688038,1,,SH
sh.688039,1,,SH
sh.688041,1,,SH
sh.688045,1,,SH
sh.688046,1,,SH
sh.688047,1,,SH
sh.688048,1,,SH
sh.688049,1,,SH
sh.688050,1,,SH
sh.688051,1,,SH
sh.688052,1,,SH
sh.688053,1,,SH
sh.688055,1,,SH
sh.688056,1,,SH
sh.688057,1,,SH
sh.688058,1,,SH
sh.688059,1,,SH
sh.688060,1,,SH
sh.688061,1,,SH
sh.688062,1,,SH
sh.688063,1,,SH
sh.688065,1,,SH
sh.688066,1,,SH
sh.688067,1,,SH
sh.688068,1,,SH
sh.688069,1,,SH
sh.688070,1,,SH
sh.688071,1,,SH
sh.688072,1,,SH
sh.688073,1,,SH
sh.688075,1,,SH
sh.688076,1,,SH
sh.688077,1,,SH
sh.688078,1,,SH
sh.688079,1,,SH
sh.688080,1,,SH
sh.688081,1,,SH
sh.688082,1,,SH
sh.688083,1,,SH
sh.688084,1,,SH
sh.688085,1,,SH
sh.688087,1,,SH
sh.688088,1,,SH
sh.688089,1,,SH
sh.688090,1,,SH
sh.688091,1,,SH
sh.688092,1,,SH
sh.688093,1,,SH
sh.688095,1,,SH
sh.688096,1,,SH
sh.688097,1,,SH
sh.688098,1,,SH
sh.688099,1,,SH
sh.688100,1,,SH
sh.688101,1,,SH
sh.688102,1,,SH
sh.688103,1,,SH
sh.688105,1,,SH
sh.688106,1,,SH
sh.688107,1,,SH
sh.688108,1,,SH
sh.688109,1,,SH
sh.688110,1,,SH
sh.688111,1,,SH
sh.688112,1,,SH
sh.688113,1,,SH
sh.688114,1,,SH
sh.688115,1,,SH
sh.688116,1,,SH
sh.688117,1,,SH
sh.688118,1,,SH
sh.688119,1,,SH
sh.688120,1,,SH
sh.688121,1,,SH
sh.688122,1,,SH
sh.688123,1,,SH
sh.688125,1,,SH
sh.688126,1,,SH
sh.688127,1,,SH
sh.688128,1,,SH
sh.688129,1,,SH
sh.688130,1,,SH
sh.688131,1,,SH
sh.688132,1,,SH
sh.688133,1,,SH
sh.688135,1,,SH
sh.688136,1,,SH
sh.688137,1,,SH
sh.688138,1,,SH
sh.688139,1,,SH
sh.688141,1,,SH
sh.688143,1,,SH
sh.688146,1,,SH
sh.688147,1,,SH
sh.688148,1,,SH
sh.688150,1,,SH
sh.688151,1,,SH
sh.688152,1,,SH
sh.688153,1,,SH
sh.688155,1,,SH
sh.688156,1,,SH
sh.688157,1,,SH
sh.688158,1,,SH
sh.688159,1,,SH
sh.688160,1,,SH
sh.688161,1,,SH
sh.688162,1,,SH
sh.688163,1,,SH
sh.688165,1,,SH
sh.688166,1,,SH
sh.688167,1,,SH
sh.688168,1,,SH
sh.688169,1,,SH
sh.688170,1,,SH
sh.688171,1,,SH
sh.688172,1,,SH
sh.688173,1,,SH
sh.688175,1,,SH
sh.688176,1,,SH
sh.688177,1,,SH
sh.688178,1,,SH
sh.688179,1,,SH
sh.688180,1,,SH
sh.688181,1,,SH
sh.688182,1,,SH
sh.688183,1,,SH
sh.688184,1,,SH
sh.688185,1,,SH
sh.688186,1,,SH
sh.688187,1,,SH
sh.688188,1,,SH
sh.688189,1,,SH
sh.688190,1,,SH
sh.688191,1,,SH
sh.688192,1,,SH
sh.688193,1,,SH
sh.688195,1,,SH
sh.688196,1,,SH
sh.688197,1,,SH
sh.688198,1,,SH
sh.688199,1,,SH
sh.688200,1,,SH
sh.688201,1,,SH
sh.688202,1,,SH
sh.688203,1,,SH
sh.688205,1,,SH
sh.688206,1,,SH
sh.688207,1,,SH
sh.688208,1,,SH
sh.688209,1,,SH
sh.688210,1,,SH
sh.688211,1,,SH
sh.688212,1,,SH
sh.688213,1,,SH
sh.688215,1,,SH
sh.688216,1,,SH
sh.688217,1,,SH
sh.688218,1,,SH
sh.688219,1,,SH
sh.688220,1,,SH
sh.688221,1,,SH
sh.688222,1,,SH
sh.688223,1,,SH
sh.688225,1,,SH
sh.688226,1,,SH
sh.688227,1,,SH
sh.688228,1,,SH
sh.688229,1,,SH
sh.688230,1,,SH
sh.688231,1,,SH
sh.688232,1,,SH
sh.688233,1,,SH
sh.688234,1,,SH
sh.688235,1,,SH
sh.688236,1,,SH
sh.688237,1,,SH
sh.688238,1,,SH
sh.688239,1,,SH
sh.688244,1,,SH
sh.688246,1,,SH
sh.688247,1,,SH
sh.688248,1,,SH
sh.688249,1,,SH
sh.688251,1,,SH
sh.688252,1,,SH
sh.688253,1,,SH
sh.688255,1,,SH
sh.688256,1,,SH
sh.688257,1,,SH
sh.688258,1,,SH
sh.688259,1,,SH
sh.688260,1,,SH
sh.688261,1,,SH
sh.688262,1,,SH
sh.688265,1,,SH
sh.688266,1,,SH
sh.688267,1,,SH
sh.688268,1,,SH
sh.688269,1,,SH
sh.688270,1,,SH
sh.688271,1,,SH
sh.688272,1,,SH
sh.688273,1,,SH
sh.688275,1,,SH
sh.688276,1,,SH
sh.688277,1,,SH
sh.688278,1,,SH
sh.688279,1,,SH
sh.688280,1,,SH
sh.688281,1,,SH
sh.688282,1,,SH
sh.688283,1,,SH
sh.688285,1,,SH
sh.688286,1,,SH
sh.688287,1,,SH
sh.688288,1,,SH
sh.688289,1,,SH
sh.688290,1,,SH
sh.688291,1,,SH
sh.688292,1,,SH
sh.688293,1,,SH
sh.688295,1,,SH
sh.688296,1,,SH
sh.688297,1,,SH
sh.688298,1,,SH
sh.688299,1,,SH
sh.688300,1,,SH
sh.688301,1,,SH
sh.688302,1,,SH
sh.688303,1,,SH
sh.688305,1,,SH
sh.688306,1,,SH
sh.688307,1,,SH
sh.688308,1,,SH
sh.688309,1,,SH
sh.688310,1,,SH
sh.688311,1,,SH
sh.688312,1,,SH
sh.688313,1,,SH
sh.688314,1,,SH
sh.688315,1,,SH
sh.688316,1,,SH
sh.688317,1,,SH
sh.688318,1,,SH
sh.688319,1,,SH
sh.688320,1,,SH
sh.688321,1,,SH
sh.688322,1,,SH
sh.688323,1,,SH
sh.688325,1,,SH
sh.688326,1,,SH
sh.688327,1,,SH
sh.688328,1,,SH
sh.688329,1,,SH
sh.688330,1,,SH
sh.688331,1,,SH
sh.688332,1,,SH
sh.688333,1,,SH
sh.688334,1,,SH
sh.688335,1,,SH
sh.688336,1,,SH
sh.688337,1,,SH
sh.688338,1,,SH
sh.688339,1,,SH
sh.688343,1,,SH
sh.688345,1,,SH
sh.688347,1,,SH
sh.688348,1,,SH
sh.688349,1,,SH
sh.688350,1,,SH
sh.688351,1,,SH
sh.688352,1,,SH
sh.688353,1,,SH
sh.688355,1,,SH
sh.688356,1,,SH
sh.688357,1,,SH
sh.688358,1,,SH
sh.688359,1,,SH
sh.688360,1,,SH
sh.688361,1,,SH
sh.688362,1,,SH
sh.688363,1,,SH
sh.688365,1,,SH
sh.688366,1,,SH
sh.688367,1,,SH
sh.688368,1,,SH
sh.688369,1,,SH
sh.688370,1,,SH
sh.688371,1,,SH
sh.688372,1,,SH
sh.688373,1,,SH
sh.688375,1,,SH
sh.688376,1,,SH
sh.688377,1,,SH
sh.688378,1,,SH
sh.688379,1,,SH
sh.688380,1,,SH
sh.688381,1,,SH
sh.688382,1,,SH
sh.688383,1,,SH
sh.688385,1,,SH
sh.688386,1,,SH
sh.688387,1,,SH
sh.688388,1,,SH
sh.688389,1,,SH
sh.688390,1,,SH
sh.688391,1,,SH
sh.688392,1,,SH
sh.688393,1,,SH
sh.688395,1,,SH
sh.688396,1,,SH
sh.688398,1,,SH
sh.688399,1,,SH
sh.688400,1,,SH
sh.688401,1,,SH
sh.688403,1,,SH
sh.688408,1,,SH
sh.688409,1,,SH
sh.688410,1,,SH
sh.688411,1,,SH
sh.688416,1,,SH
sh.688418,1,,SH
sh.688419,1,,SH
sh.688420,1,,SH
sh.688425,1,,SH
sh.688426,1,,SH
sh.688428,1,,SH
sh.688429,1,,SH
sh.688432,1,,SH
sh.688433,1,,SH
sh.688435,1,,SH
sh.688439,1,,SH
sh.688443,1,,SH
sh.688448,1,,SH
sh.688449,1,,SH
sh.688450,1,,SH
sh.688455,1,,SH
sh.688456,1,,SH
sh.688458,1,,SH
sh.688459,1,,SH
sh.688466,1,,SH
sh.688468,1,,SH
sh.688469,1,,SH
sh.688472,1,,SH
sh.688475,1,,SH
sh.688478,1,,SH
sh.688479,1,,SH
sh.688480,1,,SH
sh.688484,1,,SH
sh.688485,1,,SH
sh.688486,1,,SH
sh.688488,1,,SH
sh.688489,1,,SH
sh.688496,1,,SH
sh.688498,1,,SH
sh.688499,1,,SH
sh.688500,1,,SH
sh.688501,1,,SH
sh.688502,1,,SH
sh.688503,1,,SH
sh.688505,1,,SH
sh.688506,1,,SH
sh.688507,1,,SH
sh.688508,1,,SH
sh.688509,1,,SH
sh.688510,1,,SH
sh.688511,1,,SH
sh.688512,1,,SH
sh.688513,1,,SH
sh.688515,1,,SH
sh.688516,1,,SH
sh.688517,1,,SH
sh.688518,1,,SH
sh.688519,1,,SH
sh.688520,1,,SH
sh.688521,1,,SH
sh.688522,1,,SH
sh.688523,1,,SH
sh.688525,1,,SH
sh.688526,1,,SH
sh.688528,1,,SH
sh.688529,1,,SH
sh.688530,1,,SH
sh.688531,1,,SH
sh.688533,1,,SH
sh.688535,1,,SH
sh.688536,1,,SH
sh.688538,1,,SH
sh.688539,1,,SH
sh.688543,1,,SH
sh.688545,1,,SH
sh.688548,1,,SH
sh.688549,1,,SH
sh.688550,1,,SH
sh.688551,1,,SH
sh.688552,1,,SH
sh.688553,1,,SH
sh.688556,1,,SH
sh.688557,1,,SH
sh.688558,1,,SH
sh.688559,1,,SH
sh.688560,1,,SH
sh.688561,1,,SH
sh.688562,1,,SH
sh.688563,1,,SH
sh.688565,1,,SH
sh.688566,1,,SH
sh.688567,1,,SH
sh.688568,1,,SH
sh.688569,1,,SH
sh.688570,1,,SH
sh.688571,1,,SH
sh.688573,1,,SH
sh.688575,1,,SH
sh.688576,1,,SH
sh.688577,1,,SH
sh.688578,1,,SH
sh.688579,1,,SH
sh.688580,1,,SH
sh.688581,1,,SH
sh.688582,1,,SH
sh.688583,1,,SH
sh.688584,1,,SH
sh.688585,1,,SH
sh.688586,1,,SH
sh.688588,1,,SH
sh.688589,1,,SH
sh.688590,1,,SH
sh.688591,1,,SH
sh.688592,1,,SH
sh.688593,1,,SH
sh.688595,1,,SH
sh.688596,1,,SH
sh.688597,1,,SH
sh.688598,1,,SH
sh.688599,1,,SH
sh.688600,1,,SH
sh.688601,1,,SH
sh.688602,1,,SH
sh.688603,1,,SH
sh.688605,1,,SH
sh.688606,1,,SH
sh.688607,1,,SH
sh.688608,1,,SH
sh.688609,1,,SH
sh.688610,1,,SH
sh.688611,1,,SH
sh.688612,1,,SH
sh.688613,1,,SH
sh.688615,1,,SH
sh.688616,1,,SH
sh.688617,1,,SH
sh.688618,1,,SH
sh.688619,1,,SH
sh.688620,1,,SH
sh.688621,1,,SH
sh.688622,1,,SH
sh.688623,1,,SH
sh.688625,1,,SH
sh.688626,1,,SH
sh.688627,1,,SH
sh.688628,1,,SH
sh.688629,1,,SH
sh.688630,1,,SH
sh.688631,1,,SH
sh.688633,1,,SH
sh.688636,1,,SH
sh.688638,1,,SH
sh.688639,1,,SH
sh.688646,1,,SH
sh.688648,1,,SH
sh.688651,1,,SH
sh.688652,1,,SH
sh.688653,1,,SH
sh.688655,1,,SH
sh.688656,1,,SH
sh.688657,1,,SH
sh.688658,1,,SH
sh.688659,1,,SH
sh.688660,1,,SH
sh.688661,1,,SH
sh.688662,1,,SH
sh.688663,1,,SH
sh.688665,1,,SH
sh.688667,1,,SH
sh.688668,1,,SH
sh.688669,1,,SH
sh.688670,1,,SH
sh.688671,1,,SH
sh.688676,1,,SH
sh.688677,1,,SH
sh.688678,1,,SH
sh.688679,1,,SH
sh.688680,1,,SH
sh.688681,1,,SH
sh.688682,1,,SH
sh.688683,1,,SH
sh.688685,1,,SH
sh.688686,1,,SH
sh.688687,1,,SH
sh.688689,1,,SH
sh.688690,1,,SH
sh.688691,1,,SH
sh.688692,1,,SH
sh.688693,1,,SH
sh.688695,1,,SH
sh.688696,1,,SH
sh.688697,1,,SH
sh.688698,1,,SH
sh.688699,1,,SH
sh.688700,1,,SH
sh.688701,1,,SH
sh.688702,1,,SH
sh.688707,1,,SH
sh.688708,1,,SH
sh.688709,1,,SH
sh.688710,1,,SH
sh.688711,1,,SH
sh.688712,1,,SH
sh.688716,1,,SH
sh.688717,1,,SH
sh.688718,1,,SH
sh.688719,1,,SH
sh.688720,1,,SH
sh.688721,1,,SH
sh.688722,1,,SH
sh.688726,1,,SH
sh.688727,1,,SH
sh.688728,1,,SH
sh.688729,1,,SH
sh.688733,1,,SH
sh.688737,1,,SH
sh.688739,1,,SH
sh.688750,1,,SH
sh.688755,1,,SH
sh.688757,1,,SH
sh.688758,1,,SH
sh.688759,1,,SH
sh.688765,1,,SH
sh.688766,1,,SH
sh.688767,1,,SH
sh.688768,1,,SH
sh.688772,1,,SH
sh.688775,1,,SH
sh.688776,1,,SH
sh.688777,1,,SH
sh.688778,1,,SH
sh.688779,1,,SH
sh.688781,1,,SH
sh.688783,1,,SH
sh.688785,1,,SH
sh.688786,1,,SH
sh.688787,1,,SH
sh.688788,1,,SH
sh.688789,1,,SH
sh.688790,1,,SH
sh.688793,1,,SH
sh.688795,1,,SH
sh.688796,1,,SH
sh.688798,1,,SH
sh.688799,1,,SH
sh.688800,1,,SH
sh.688802,1,,SH
sh.688805,1,,SH
sh.688807,1,,SH
sh.688809,1,,SH
sh.688811,1,,SH
sh.688813,1,,SH
sh.688816,1,,SH
sh.688818,1,,SH
sh.688819,1,,SH
sh.688981,1,,SH
sh.689009,1,,SH
sh.999997,1,,SH
sh.999998,1,,SH
sh.999999,1,,SH
sz.000001,1,,SZ
sz.000002,1,,SZ
sz.000004,1,,SZ
sz.000006,1,,SZ
sz.000007,1,,SZ
sz.000008,1,,SZ
sz.000009,1,,SZ
sz.000010,1,,SZ
sz.000011,1,,SZ
sz.000012,1,,SZ
sz.000014,1,,SZ
sz.000016,1,,SZ
sz.000017,1,,SZ
sz.000019,1,,SZ
sz.000020,1,,SZ
sz.000021,1,,SZ
sz.000025,1,,SZ
sz.000026,1,,SZ
sz.000027,1,,SZ
sz.000028,1,,SZ
sz.000029,1,,SZ
sz.000030,1,,SZ
sz.000031,1,,SZ
sz.000032,1,,SZ
sz.000034,1,,SZ
sz.000035,1,,SZ
sz.000036,1,,SZ
sz.000037,1,,SZ
sz.000039,1,,SZ
sz.000042,1,,SZ
sz.000045,1,,SZ
sz.000048,1,,SZ
sz.000049,1,,SZ
sz.000050,1,,SZ
sz.000055,1,,SZ
sz.000056,1,,SZ
sz.000058,1,,SZ
sz.000059,1,,SZ
sz.000060,1,,SZ
sz.000061,1,,SZ
sz.000062,1,,SZ
sz.000063,1,,SZ
sz.000065,1,,SZ
sz.000066,1,,SZ
sz.000068,1,,SZ
sz.000069,1,,SZ
sz.000070,1,,SZ
sz.000078,1,,SZ
sz.000088,1,,SZ
sz.000089,1,,SZ
sz.000090,1,,SZ
sz.000096,1,,SZ
sz.000099,1,,SZ
sz.000100,1,,SZ
sz.000151,1,,SZ
sz.000153,1,,SZ
sz.000155,1,,SZ
sz.000156,1,,SZ
sz.000157,1,,SZ
sz.000158,1,,SZ
sz.000159,1,,SZ
sz.000166,1,,SZ
sz.000301,1,,SZ
sz.000333,1,,SZ
sz.000338,1,,SZ
sz.000400,1,,SZ
sz.000401,1,,SZ
sz.000402,1,,SZ
sz.000403,1,,SZ
sz.000404,1,,SZ
sz.000407,1,,SZ
sz.000408,1,,SZ
sz.000409,1,,SZ
sz.000410,1,,SZ
sz.000411,1,,SZ
sz.000415,1,,SZ
sz.000417,1,,SZ
sz.000419,1,,SZ
sz.000420,1,,SZ
sz.000421,1,,SZ
sz.000422,1,,SZ
sz.000423,1,,SZ
sz.000425,1,,SZ
sz.000426,1,,SZ
sz.000428,1,,SZ
sz.000429,1,,SZ
sz.000430,1,,SZ
sz.000488,1,,SZ
sz.000498,1,,SZ
sz.000501,1,,SZ
sz.000503,1,,SZ
sz.000504,1,,SZ
sz.000505,1,,SZ
sz.000506,1,,SZ
sz.000507,1,,SZ
sz.000509,1,,SZ
sz.000510,1,,SZ
sz.000513,1,,SZ
sz.000514,1,,SZ
sz.000516,1,,SZ
sz.000517,1,,SZ
sz.000518,1,,SZ
sz.000519,1,,SZ
sz.000520,1,,SZ
sz.000521,1,,SZ
sz.000523,1,,SZ
sz.000524,1,,SZ
sz.000525,1,,SZ
sz.000526,1,,SZ
sz.000528,1,,SZ
sz.000529,1,,SZ
sz.000530,1,,SZ
sz.000531,1,,SZ
sz.000532,1,,SZ
sz.000533,1,,SZ
sz.000534,1,,SZ
sz.000536,1,,SZ
sz.000537,1,,SZ
sz.000538,1,,SZ
sz.000539,1,,SZ
sz.000541,1,,SZ
sz.000543,1,,SZ
sz.000544,1,,SZ
sz.000545,1,,SZ
sz.000546,1,,SZ
sz.000547,1,,SZ
sz.000548,1,,SZ
sz.000550,1,,SZ
sz.000551,1,,SZ
sz.000552,1,,SZ
sz.000553,1,,SZ
sz.000554,1,,SZ
sz.000555,1,,SZ
sz.000557,1,,SZ
sz.000558,1,,SZ
sz.000559,1,,SZ
sz.000560,1,,SZ
sz.000561,1,,SZ
sz.000563,1,,SZ
sz.000564,1,,SZ
sz.000565,1,,SZ
sz.000566,1,,SZ
sz.000567,1,,SZ
sz.000568,1,,SZ
sz.000570,1,,SZ
sz.000571,1,,SZ
sz.000572,1,,SZ
sz.000573,1,,SZ
sz.000576,1,,SZ
sz.000581,1,,SZ
sz.000582,1,,SZ
sz.000586,1,,SZ
sz.000589,1,,SZ
sz.000590,1,,SZ
sz.000591,1,,SZ
sz.000592,1,,SZ
sz.000593,1,,SZ
sz.000595,1,,SZ
sz.000596,1,,SZ
sz.000597,1,,SZ
sz.000598,1,,SZ
sz.000599,1,,SZ
sz.000600,1,,SZ
sz.000601,1,,SZ
sz.000603,1,,SZ
sz.000605,1,,SZ
sz.000607,1,,SZ
sz.000608,1,,SZ
sz.000609,1,,SZ
sz.000610,1,,SZ
sz.000612,1,,SZ
sz.000615,1,,SZ
sz.000617,1,,SZ
sz.000619,1,,SZ
sz.000620,1,,SZ
sz.000623,1,,SZ
sz.000625,1,,SZ
sz.000626,1,,SZ
sz.000628,1,,SZ
sz.000629,1,,SZ
sz.000630,1,,SZ
sz.000631,1,,SZ
sz.000632,1,,SZ
sz.000633,1,,SZ
sz.000635,1,,SZ
sz.000636,1,,SZ
sz.000637,1,,SZ
sz.000638,1,,SZ
sz.000639,1,,SZ
sz.000650,1,,SZ
sz.000651,1,,SZ
sz.000652,1,,SZ
sz.000655,1,,SZ
sz.000656,1,,SZ
sz.000657,1,,SZ
sz.000659,1,,SZ
sz.000661,1,,SZ
sz.000663,1,,SZ
sz.000665,1,,SZ
sz.000668,1,,SZ
sz.000669,1,,SZ
sz.000670,1,,SZ
sz.000672,1,,SZ
sz.000676,1,,SZ
sz.000677,1,,SZ
sz.000678,1,,SZ
sz.000679,1,,SZ
sz.000680,1,,SZ
sz.000681,1,,SZ
sz.000682,1,,SZ
sz.000683,1,,SZ
sz.000685,1,,SZ
sz.000686,1,,SZ
sz.000688,1,,SZ
sz.000690,1,,SZ
sz.000691,1,,SZ
sz.000692,1,,SZ
sz.000695,1,,SZ
sz.000697,1,,SZ
sz.000698,1,,SZ
sz.000700,1,,SZ
sz.000701,1,,SZ
sz.000702,1,,SZ
sz.000703,1,,SZ
sz.000705,1,,SZ
sz.000707,1,,SZ
sz.000708,1,,SZ
sz.000709,1,,SZ
sz.000710,1,,SZ
sz.000711,1,,SZ
sz.000712,1,,SZ
sz.000713,1,,SZ
sz.000715,1,,SZ
sz.000716,1,,SZ
sz.000717,1,,SZ
sz.000718,1,,SZ
sz.000719,1,,SZ
sz.000720,1,,SZ
sz.000721,1,,SZ
sz.000722,1,,SZ
sz.000723,1,,SZ
sz.000725,1,,SZ
sz.000726,1,,SZ
sz.000727,1,,SZ
sz.000728,1,,SZ
sz.000729,1,,SZ
sz.000731,1,,SZ
sz.000733,1,,SZ
sz.000735,1,,SZ
sz.000736,1,,SZ
sz.000737,1,,SZ
sz.000738,1,,SZ
sz.000739,1,,SZ
sz.000750,1,,SZ
sz.000751,1,,SZ
sz.000752,1,,SZ
sz.000753,1,,SZ
sz.000755,1,,SZ
sz.000756,1,,SZ
sz.000757,1,,SZ
sz.000758,1,,SZ
sz.000759,1,,SZ
sz.000761,1,,SZ
sz.000762,1,,SZ
sz.000766,1,,SZ
sz.000767,1,,SZ
sz.000768,1,,SZ
sz.000776,1,,SZ
sz.000777,1,,SZ
sz.000778,1,,SZ
sz.000779,1,,SZ
sz.000782,1,,SZ
sz.000783,1,,SZ
sz.000785,1,,SZ
sz.000786,1,,SZ
sz.000788,1,,SZ
sz.000789,1,,SZ
sz.000790,1,,SZ
sz.000791,1,,SZ
sz.000792,1,,SZ
sz.000793,1,,SZ
sz.000795,1,,SZ
sz.000796,1,,SZ
sz.000797,1,,SZ
sz.000798,1,,SZ
sz.000799,1,,SZ
sz.000800,1,,SZ
sz.000801,1,,SZ
sz.000802,1,,SZ
sz.000803,1,,SZ
sz.000807,1,,SZ
sz.000809,1,,SZ
sz.000810,1,,SZ
sz.000811,1,,SZ
sz.000812,1,,SZ
sz.000813,1,,SZ
sz.000815,1,,SZ
sz.000816,1,,SZ
sz.000818,1,,SZ
sz.000819,1,,SZ
sz.000820,1,,SZ
sz.000821,1,,SZ
sz.000822,1,,SZ
sz.000823,1,,SZ
sz.000825,1,,SZ
sz.000826,1,,SZ
sz.000828,1,,SZ
sz.000829,1,,SZ
sz.000830,1,,SZ
sz.000831,1,,SZ
sz.000833,1,,SZ
sz.000837,1,,SZ
sz.000838,1,,SZ
sz.000839,1,,SZ
sz.000848,1,,SZ
sz.000850,1,,SZ
sz.000852,1,,SZ
sz.000856,1,,SZ
sz.000858,1,,SZ
sz.000859,1,,SZ
sz.000860,1,,SZ
sz.000862,1,,SZ
sz.000863,1,,SZ
sz.000868,1,,SZ
sz.000869,1,,SZ
sz.000875,1,,SZ
sz.000876,1,,SZ
sz.000877,1,,SZ
sz.000878,1,,SZ
sz.000880,1,,SZ
sz.000881,1,,SZ
sz.000882,1,,SZ
sz.000883,1,,SZ
sz.000885,1,,SZ
sz.000886,1,,SZ
sz.000887,1,,SZ
sz.000888,1,,SZ
sz.000889,1,,SZ
sz.000890,1,,SZ
sz.000892,1,,SZ
sz.000893,1,,SZ
sz.000895,1,,SZ
sz.000897,1,,SZ
sz.000898,1,,SZ
sz.000899,1,,SZ
sz.000900,1,,SZ
sz.000901,1,,SZ
sz.000902,1,,SZ
sz.000903,1,,SZ
sz.000905,1,,SZ
sz.000906,1,,SZ
sz.000908,1,,SZ
sz.000909,1,,SZ
sz.000910,1,,SZ
sz.000911,1,,SZ
sz.000912,1,,SZ
sz.000913,1,,SZ
sz.000915,1,,SZ
sz.000917,1,,SZ
sz.000919,1,,SZ
sz.000920,1,,SZ
sz.000921,1,,SZ
sz.000922,1,,SZ
sz.000923,1,,SZ
sz.000925,1,,SZ
sz.000926,1,,SZ
sz.000927,1,,SZ
sz.000928,1,,SZ
sz.000929,1,,SZ
sz.000930,1,,SZ
sz.000931,1,,SZ
sz.000932,1,,SZ
sz.000933,1,,SZ
sz.000935,1,,SZ
sz.000936,1,,SZ
sz.000937,1,,SZ
sz.000938,1,,SZ
sz.000948,1,,SZ
sz.000949,1,,SZ
sz.000950,1,,SZ
sz.000951,1,,SZ
sz.000952,1,,SZ
sz.000953,1,,SZ
sz.000955,1,,SZ
sz.000957,1,,SZ
sz.000958,1,,SZ
sz.000959,1,,SZ
sz.000960,1,,SZ
sz.000962,1,,SZ
sz.000963,1,,SZ
sz.000965,1,,SZ
sz.000966,1,,SZ
sz.000967,1,,SZ
sz.000968,1,,SZ
sz.000969,1,,SZ
sz.000970,1,,SZ
sz.000972,1,,SZ
sz.000973,1,,SZ
sz.000975,1,,SZ
sz.000977,1,,SZ
sz.000978,1,,SZ
sz.000980,1,,SZ
sz.000981,1,,SZ
sz.000983,1,,SZ
sz.000985,1,,SZ
sz.000987,1,,SZ
sz.000988,1,,SZ
sz.000989,1,,SZ
sz.000990,1,,SZ
sz.000993,1,,SZ
sz.000995,1,,SZ
sz.000997,1,,SZ
sz.000998,1,,SZ
sz.000999,1,,SZ
sz.001201,1,,SZ
sz.001202,1,,SZ
sz.001203,1,,SZ
sz.001205,1,,SZ
sz.001206,1,,SZ
sz.001207,1,,SZ
sz.001208,1,,SZ
sz.001209,1,,SZ
sz.001210,1,,SZ
sz.001211,1,,SZ
sz.001212,1,,SZ
sz.001213,1,,SZ
sz.001215,1,,SZ
sz.001216,1,,SZ
sz.001217,1,,SZ
sz.001218,1,,SZ
sz.001219,1,,SZ
sz.001220,1,,SZ
sz.001221,1,,SZ
sz.001222,1,,SZ
sz.001223,1,,SZ
sz.001225,1,,SZ
sz.001226,1,,SZ
sz.001227,1,,SZ
sz.001228,1,,SZ
sz.001229,1,,SZ
sz.001230,1,,SZ
sz.001231,1,,SZ
sz.001233,1,,SZ
sz.001234,1,,SZ
sz.001236,1,,SZ
sz.001238,1,,SZ
sz.001239,1,,SZ
sz.001255,1,,SZ
sz.001256,1,,SZ
sz.001257,1,,SZ
sz.001258,1,,SZ
sz.001259,1,,SZ
sz.001260,1,,SZ
sz.001266,1,,SZ
sz.001267,1,,SZ
sz.001268,1,,SZ
sz.001269,1,,SZ
sz.001270,1,,SZ
sz.001277,1,,SZ
sz.001278,1,,SZ
sz.001279,1,,SZ
sz.001280,1,,SZ
sz.001282,1,,SZ
sz.001283,1,,SZ
sz.001285,1,,SZ
sz.001286,1,,SZ
sz.001287,1,,SZ
sz.001288,1,,SZ
sz.001289,1,,SZ
sz.001296,1,,SZ
sz.001298,1,,SZ
sz.001299,1,,SZ
sz.001300,1,,SZ
sz.001301,1,,SZ
sz.001306,1,,SZ
sz.001308,1,,SZ
sz.001309,1,,SZ
sz.001311,1,,SZ
sz.001313,1,,SZ
sz.001314,1,,SZ
sz.001316,1,,SZ
sz.001317,1,,SZ
sz.001318,1,,SZ
sz.001319,1,,SZ
sz.001322,1,,SZ
sz.001323,1,,SZ
sz.001324,1,,SZ
sz.001325,1,,SZ
sz.001326,1,,SZ
sz.001328,1,,SZ
sz.001330,1,,SZ
sz.001331,1,,SZ
sz.001332,1,,SZ
sz.001333,1,,SZ
sz.001335,1,,SZ
sz.001336,1,,SZ
sz.001337,1,,SZ
sz.001338,1,,SZ
sz.001339,1,,SZ
sz.001356,1,,SZ
sz.001358,1,,SZ
sz.001359,1,,SZ
sz.001360,1,,SZ
sz.001366,1,,SZ
sz.001367,1,,SZ
sz.001368,1,,SZ
sz.001369,1,,SZ
sz.001373,1,,SZ
sz.001376,1,,SZ
sz.001378,1,,SZ
sz.001379,1,,SZ
sz.001380,1,,SZ
sz.001382,1,,SZ
sz.001386,1,,SZ
sz.001387,1,,SZ
sz.001388,1,,SZ
sz.001389,1,,SZ
sz.001390,1,,SZ
sz.001391,1,,SZ
sz.001395,1,,SZ
sz.001396,1,,SZ
sz.001400,1,,SZ
sz.001696,1,,SZ
sz.001872,1,,SZ
sz.001896,1,,SZ
sz.001914,1,,SZ
sz.001965,1,,SZ
sz.001979,1,,SZ
sz.002001,1,,SZ
sz.002003,1,,SZ
sz.002004,1,,SZ
sz.002005,1,,SZ
sz.002006,1,,SZ
sz.002007,1,,SZ
sz.002008,1,,SZ
sz.002009,1,,SZ
sz.002010,1,,SZ
sz.002011,1,,SZ
sz.002012,1,,SZ
sz.002014,1,,SZ
sz.002015,1,,SZ
sz.002016,1,,SZ
sz.002017,1,,SZ
sz.002019,1,,SZ
sz.002020,1,,SZ
sz.002021,1,,SZ
sz.002022,1,,SZ
sz.002023,1,,SZ
sz.002024,1,,SZ
sz.002025,1,,SZ
sz.002026,1,,SZ
sz.002027,1,,SZ
sz.002028,1,,SZ
sz.002029,1,,SZ
sz.002030,1,,SZ
sz.002031,1,,SZ
sz.002032,1,,SZ
sz.002033,1,,SZ
sz.002034,1,,SZ
sz.002035,1,,SZ
sz.002036,1,,SZ
sz.002037,1,,SZ
sz.002038,1,,SZ
sz.002039,1,,SZ
sz.002040,1,,SZ
sz.002041,1,,SZ
sz.002042,1,,SZ
sz.002043,1,,SZ
sz.002044,1,,SZ
sz.002045,1,,SZ
sz.002046,1,,SZ
sz.002047,1,,SZ
sz.002048,1,,SZ
sz.002049,1,,SZ
sz.002050,1,,SZ
sz.002051,1,,SZ
sz.002052,1,,SZ
sz.002053,1,,SZ
sz.002054,1,,SZ
sz.002055,1,,SZ
sz.002056,1,,SZ
sz.002057,1,,SZ
sz.002058,1,,SZ
sz.002059,1,,SZ
sz.002060,1,,SZ
sz.002061,1,,SZ
sz.002062,1,,SZ
sz.002063,1,,SZ
sz.002064,1,,SZ
sz.002065,1,,SZ
sz.002066,1,,SZ
sz.002067,1,,SZ
sz.002068,1,,SZ
sz.002069,1,,SZ
sz.002072,1,,SZ
sz.002073,1,,SZ
sz.002074,1,,SZ
sz.002075,1,,SZ
sz.002076,1,,SZ
sz.002077,1,,SZ
sz.002078,1,,SZ
sz.002079,1,,SZ
sz.002080,1,,SZ
sz.002081,1,,SZ
sz.002082,1,,SZ
sz.002083,1,,SZ
sz.002084,1,,SZ
sz.002085,1,,SZ
sz.002086,1,,SZ
sz.002088,1,,SZ
sz.002090,1,,SZ
sz.002091,1,,SZ
sz.002092,1,,SZ
sz.002093,1,,SZ
sz.002094,1,,SZ
sz.002095,1,,SZ
sz.002096,1,,SZ
sz.002097,1,,SZ
sz.002098,1,,SZ
sz.002099,1,,SZ
sz.002100,1,,SZ
sz.002101,1,,SZ
sz.002102,1,,SZ
sz.002103,1,,SZ
sz.002104,1,,SZ
sz.002105,1,,SZ
sz.002106,1,,SZ
sz.002107,1,,SZ
sz.002108,1,,SZ
sz.002109,1,,SZ
sz.002110,1,,SZ
sz.002111,1,,SZ
sz.002112,1,,SZ
sz.002114,1,,SZ
sz.002115,1,,SZ
sz.002116,1,,SZ
sz.002117,1,,SZ
sz.002119,1,,SZ
sz.002120,1,,SZ
sz.002121,1,,SZ
sz.002122,1,,SZ
sz.002123,1,,SZ
sz.002124,1,,SZ
sz.002125,1,,SZ
sz.002126,1,,SZ
sz.002127,1,,SZ
sz.002128,1,,SZ
sz.002129,1,,SZ
sz.002130,1,,SZ
sz.002131,1,,SZ
sz.002132,1,,SZ
sz.002133,1,,SZ
sz.002134,1,,SZ
sz.002135,1,,SZ
sz.002136,1,,SZ
sz.002137,1,,SZ
sz.002138,1,,SZ
sz.002139,1,,SZ
sz.002140,1,,SZ
sz.002141,1,,SZ
sz.002142,1,,SZ
sz.002144,1,,SZ
sz.002145,1,,SZ
sz.002146,1,,SZ
sz.002148,1,,SZ
sz.002149,1,,SZ
sz.002150,1,,SZ
sz.002151,1,,SZ
sz.002152,1,,SZ
sz.002153,1,,SZ
sz.002154,1,,SZ
sz.002155,1,,SZ
sz.002156,1,,SZ
sz.002157,1,,SZ
sz.002158,1,,SZ
sz.002159,1,,SZ
sz.002160,1,,SZ
sz.002161,1,,SZ
sz.002162,1,,SZ
sz.002163,1,,SZ
sz.002164,1,,SZ
sz.002165,1,,SZ
sz.002166,1,,SZ
sz.002167,1,,SZ
sz.002168,1,,SZ
sz.002169,1,,SZ
sz.002170,1,,SZ
sz.002171,1,,SZ
sz.002172,1,,SZ
sz.002173,1,,SZ
sz.002174,1,,SZ
sz.002175,1,,SZ
sz.002176,1,,SZ
sz.002177,1,,SZ
sz.002178,1,,SZ
sz.002179,1,,SZ
sz.002180,1,,SZ
sz.002181,1,,SZ
sz.002182,1,,SZ
sz.002183,1,,SZ
sz.002184,1,,SZ
sz.002185,1,,SZ
sz.002186,1,,SZ
sz.002187,1,,SZ
sz.002188,1,,SZ
sz.002189,1,,SZ
sz.002190,1,,SZ
sz.002191,1,,SZ
sz.002192,1,,SZ
sz.002193,1,,SZ
sz.002194,1,,SZ
sz.002195,1,,SZ
sz.002196,1,,SZ
sz.002197,1,,SZ
sz.002198,1,,SZ
sz.002199,1,,SZ
sz.002200,1,,SZ
sz.002201,1,,SZ
sz.002202,1,,SZ
sz.002203,1,,SZ
sz.002204,1,,SZ
sz.002205,1,,SZ
sz.002206,1,,SZ
sz.002207,1,,SZ
sz.002208,1,,SZ
sz.002209,1,,SZ
sz.002210,1,,SZ
sz.002211,1,,SZ
sz.002212,1,,SZ
sz.002213,1,,SZ
sz.002214,1,,SZ
sz.002215,1,,SZ
sz.002216,1,,SZ
sz.002217,1,,SZ
sz.002218,1,,SZ
sz.002219,1,,SZ
sz.002221,1,,SZ
sz.002222,1,,SZ
sz.002223,1,,SZ
sz.002224,1,,SZ
sz.002225,1,,SZ
sz.002226,1,,SZ
sz.002227,1,,SZ
sz.002228,1,,SZ
sz.002229,1,,SZ
sz.002230,1,,SZ
sz.002232,1,,SZ
sz.002233,1,,SZ
sz.002234,1,,SZ
sz.002235,1,,SZ
sz.002236,1,,SZ
sz.002237,1,,SZ
sz.002238,1,,SZ
sz.002239,1,,SZ
sz.002240,1,,SZ
sz.002241,1,,SZ
sz.002242,1,,SZ
sz.002243,1,,SZ
sz.002244,1,,SZ
sz.002245,1,,SZ
sz.002246,1,,SZ
sz.002247,1,,SZ
sz.002248,1,,SZ
sz.002249,1,,SZ
sz.002250,1,,SZ
sz.002251,1,,SZ
sz.002252,1,,SZ
sz.002253,1,,SZ
sz.002254,1,,SZ
sz.002255,1,,SZ
sz.002256,1,,SZ
sz.002258,1,,SZ
sz.002259,1,,SZ
sz.002261,1,,SZ
sz.002262,1,,SZ
sz.002263,1,,SZ
sz.002264,1,,SZ
sz.002265,1,,SZ
sz.002266,1,,SZ
sz.002267,1,,SZ
sz.002268,1,,SZ
sz.002269,1,,SZ
sz.002270,1,,SZ
sz.002271,1,,SZ
sz.002272,1,,SZ
sz.002273,1,,SZ
sz.002274,1,,SZ
sz.002275,1,,SZ
sz.002276,1,,SZ
sz.002277,1,,SZ
sz.002278,1,,SZ
sz.002279,1,,SZ
sz.002281,1,,SZ
sz.002282,1,,SZ
sz.002283,1,,SZ
sz.002284,1,,SZ
sz.002285,1,,SZ
sz.002286,1,,SZ
sz.002287,1,,SZ
sz.002289,1,,SZ
sz.002290,1,,SZ
sz.002291,1,,SZ
sz.002292,1,,SZ
sz.002293,1,,SZ
sz.002294,1,,SZ
sz.002295,1,,SZ
sz.002296,1,,SZ
sz.002297,1,,SZ
sz.002298,1,,SZ
sz.002299,1,,SZ
sz.002300,1,,SZ
sz.002301,1,,SZ
sz.002302,1,,SZ
sz.002303,1,,SZ
sz.002304,1,,SZ
sz.002305,1,,SZ
sz.002306,1,,SZ
sz.002307,1,,SZ
sz.002309,1,,SZ
sz.002310,1,,SZ
sz.002311,1,,SZ
sz.002312,1,,SZ
sz.002313,1,,SZ
sz.002314,1,,SZ
sz.002315,1,,SZ
sz.002316,1,,SZ
sz.002317,1,,SZ
sz.002318,1,,SZ
sz.002319,1,,SZ
sz.002320,1,,SZ
sz.002321,1,,SZ
sz.002322,1,,SZ
sz.002323,1,,SZ
sz.002324,1,,SZ
sz.002326,1,,SZ
sz.002327,1,,SZ
sz.002328,1,,SZ
sz.002329,1,,SZ
sz.002330,1,,SZ
sz.002331,1,,SZ
sz.002332,1,,SZ
sz.002333,1,,SZ
sz.002334,1,,SZ
sz.002335,1,,SZ
sz.002337,1,,SZ
sz.002338,1,,SZ
sz.002339,1,,SZ
sz.002340,1,,SZ
sz.002342,1,,SZ
sz.002343,1,,SZ
sz.002344,1,,SZ
sz.002345,1,,SZ
sz.002346,1,,SZ
sz.002347,1,,SZ
sz.002348,1,,SZ
sz.002349,1,,SZ
sz.002350,1,,SZ
sz.002351,1,,SZ
sz.002352,1,,SZ
sz.002353,1,,SZ
sz.002354,1,,SZ
sz.002355,1,,SZ
sz.002356,1,,SZ
sz.002357,1,,SZ
sz.002358,1,,SZ
sz.002360,1,,SZ
sz.002361,1,,SZ
sz.002362,1,,SZ
sz.002363,1,,SZ
sz.002364,1,,SZ
sz.002365,1,,SZ
sz.002366,1,,SZ
sz.002367,1,,SZ
sz.002368,1,,SZ
sz.002369,1,,SZ
sz.002370,1,,SZ
sz.002371,1,,SZ
sz.002372,1,,SZ
sz.002373,1,,SZ
sz.002374,1,,SZ
sz.002375,1,,SZ
sz.002376,1,,SZ
sz.002377,1,,SZ
sz.002378,1,,SZ
sz.002379,1,,SZ
sz.002380,1,,SZ
sz.002381,1,,SZ
sz.002382,1,,SZ
sz.002383,1,,SZ
sz.002384,1,,SZ
sz.002385,1,,SZ
sz.002386,1,,SZ
sz.002387,1,,SZ
sz.002388,1,,SZ
sz.002389,1,,SZ
sz.002390,1,,SZ
sz.002391,1,,SZ
sz.002392,1,,SZ
sz.002393,1,,SZ
sz.002394,1,,SZ
sz.002395,1,,SZ
sz.002396,1,,SZ
sz.002397,1,,SZ
sz.002398,1,,SZ
sz.002399,1,,SZ
sz.002400,1,,SZ
sz.002401,1,,SZ
sz.002402,1,,SZ
sz.002403,1,,SZ
sz.002404,1,,SZ
sz.002405,1,,SZ
sz.002406,1,,SZ
sz.002407,1,,SZ
sz.002408,1,,SZ
sz.002409,1,,SZ
sz.002410,1,,SZ
sz.002412,1,,SZ
sz.002413,1,,SZ
sz.002414,1,,SZ
sz.002415,1,,SZ
sz.002416,1,,SZ
sz.002418,1,,SZ
sz.002419,1,,SZ
sz.002420,1,,SZ
sz.002421,1,,SZ
sz.002422,1,,SZ
sz.002423,1,,SZ
sz.002424,1,,SZ
sz.002425,1,,SZ
sz.002426,1,,SZ
sz.002427,1,,SZ
sz.002428,1,,SZ
sz.002429,1,,SZ
sz.002430,1,,SZ
sz.002431,1,,SZ
sz.002432,1,,SZ
sz.002434,1,,SZ
sz.002436,1,,SZ
sz.002437,1,,SZ
sz.002438,1,,SZ
sz.002439,1,,SZ
sz.002440,1,,SZ
sz.002441,1,,SZ
sz.002442,1,,SZ
sz.002443,1,,SZ
sz.002444,1,,SZ
sz.002445,1,,SZ
sz.002446,1,,SZ
sz.002448,1,,SZ
sz.002449,1,,SZ
sz.002451,1,,SZ
sz.002452,1,,SZ
sz.002453,1,,SZ
sz.002454,1,,SZ
sz.002455,1,,SZ
sz.002456,1,,SZ
sz.002457,1,,SZ
sz.002458,1,,SZ
sz.002459,1,,SZ
sz.002460,1,,SZ
sz.002461,1,,SZ
sz.002462,1,,SZ
sz.002463,1,,SZ
sz.002465,1,,SZ
sz.002466,1,,SZ
sz.002467,1,,SZ
sz.002468,1,,SZ
sz.002469,1,,SZ
sz.002470,1,,SZ
sz.002471,1,,SZ
sz.002472,1,,SZ
sz.002474,1,,SZ
sz.002475,1,,SZ
sz.002476,1,,SZ
sz.002478,1,,SZ
sz.002479,1,,SZ
sz.002480,1,,SZ
sz.002481,1,,SZ
sz.002482,1,,SZ
sz.002483,1,,SZ
sz.002484,1,,SZ
sz.002485,1,,SZ
sz.002486,1,,SZ
sz.002487,1,,SZ
sz.002488,1,,SZ
sz.002489,1,,SZ
sz.002490,1,,SZ
sz.002491,1,,SZ
sz.002492,1,,SZ
sz.002493,1,,SZ
sz.002494,1,,SZ
sz.002495,1,,SZ
sz.002496,1,,SZ
sz.002497,1,,SZ
sz.002498,1,,SZ
sz.002500,1,,SZ
sz.002501,1,,SZ
sz.002506,1,,SZ
sz.002507,1,,SZ
sz.002508,1,,SZ
sz.002510,1,,SZ
sz.002511,1,,SZ
sz.002512,1,,SZ
sz.002513,1,,SZ
sz.002514,1,,SZ
sz.002515,1,,SZ
sz.002516,1,,SZ
sz.002517,1,,SZ
sz.002518,1,,SZ
sz.002519,1,,SZ
sz.002520,1,,SZ
sz.002521,1,,SZ
sz.002522,1,,SZ
sz.002523,1,,SZ
sz.002524,1,,SZ
sz.002526,1,,SZ
sz.002527,1,,SZ
sz.002528,1,,SZ
sz.002529,1,,SZ
sz.002530,1,,SZ
sz.002531,1,,SZ
sz.002532,1,,SZ
sz.002533,1,,SZ
sz.002534,1,,SZ
sz.002535,1,,SZ
sz.002536,1,,SZ
sz.002537,1,,SZ
sz.002538,1,,SZ
sz.002539,1,,SZ
sz.002540,1,,SZ
sz.002541,1,,SZ
sz.002542,1,,SZ
sz.002543,1,,SZ
sz.002544,1,,SZ
sz.002545,1,,SZ
sz.002546,1,,SZ
sz.002547,1,,SZ
sz.002548,1,,SZ
sz.002549,1,,SZ
sz.002550,1,,SZ
sz.002551,1,,SZ
sz.002552,1,,SZ
sz.002553,1,,SZ
sz.002554,1,,SZ
sz.002555,1,,SZ
sz.002556,1,,SZ
sz.002557,1,,SZ
sz.002558,1,,SZ
sz.002559,1,,SZ
sz.002560,1,,SZ
sz.002561,1,,SZ
sz.002562,1,,SZ
sz.002563,1,,SZ
sz.002564,1,,SZ
sz.002565,1,,SZ
sz.002566,1,,SZ
sz.002567,1,,SZ
sz.002568,1,,SZ
sz.002569,1,,SZ
sz.002570,1,,SZ
sz.002571,1,,SZ
sz.002572,1,,SZ
sz.002573,1,,SZ
sz.002574,1,,SZ
sz.002575,1,,SZ
sz.002576,1,,SZ
sz.002577,1,,SZ
sz.002578,1,,SZ
sz.002579,1,,SZ
sz.002580,1,,SZ
sz.002581,1,,SZ
sz.002582,1,,SZ
sz.002583,1,,SZ
sz.002584,1,,SZ
sz.002585,1,,SZ
sz.002586,1,,SZ
sz.002587,1,,SZ
sz.002588,1,,SZ
sz.002589,1,,SZ
sz.002590,1,,SZ
sz.002591,1,,SZ
sz.002592,1,,SZ
sz.002593,1,,SZ
sz.002594,1,,SZ
sz.002595,1,,SZ
sz.002596,1,,SZ
sz.002597,1,,SZ
sz.002598,1,,SZ
sz.002599,1,,SZ
sz.002600,1,,SZ
sz.002601,1,,SZ
sz.002602,1,,SZ
sz.002603,1,,SZ
sz.002605,1,,SZ
sz.002606,1,,SZ
sz.002607,1,,SZ
sz.002608,1,,SZ
sz.002609,1,,SZ
sz.002611,1,,SZ
sz.002612,1,,SZ
sz.002613,1,,SZ
sz.002614,1,,SZ
sz.002615,1,,SZ
sz.002616,1,,SZ
sz.002617,1,,SZ
sz.002620,1,,SZ
sz.002622,1,,SZ
sz.002623,1,,SZ
sz.002624,1,,SZ
sz.002625,1,,SZ
sz.002626,1,,SZ
sz.002627,1,,SZ
sz.002628,1,,SZ
sz.002629,1,,SZ
sz.002630,1,,SZ
sz.002631,1,,SZ
sz.002632,1,,SZ
sz.002633,1,,SZ
sz.002634,1,,SZ
sz.002635,1,,SZ
sz.002636,1,,SZ
sz.002637,1,,SZ
sz.002638,1,,SZ
sz.002639,1,,SZ
sz.002640,1,,SZ
sz.002641,1,,SZ
sz.002642,1,,SZ
sz.002643,1,,SZ
sz.002644,1,,SZ
sz.002645,1,,SZ
sz.002646,1,,SZ
sz.002647,1,,SZ
sz.002648,1,,SZ
sz.002649,1,,SZ
sz.002650,1,,SZ
sz.002651,1,,SZ
sz.002652,1,,SZ
sz.002653,1,,SZ
sz.002654,1,,SZ
sz.002655,1,,SZ
sz.002656,1,,SZ
sz.002657,1,,SZ
sz.002658,1,,SZ
sz.002659,1,,SZ
sz.002660,1,,SZ
sz.002661,1,,SZ
sz.002662,1,,SZ
sz.002663,1,,SZ
sz.002664,1,,SZ
sz.002666,1,,SZ
sz.002667,1,,SZ
sz.002668,1,,SZ
sz.002669,1,,SZ
sz.002670,1,,SZ
sz.002671,1,,SZ
sz.002672,1,,SZ
sz.002673,1,,SZ
sz.002674,1,,SZ
sz.002675,1,,SZ
sz.002676,1,,SZ
sz.002677,1,,SZ
sz.002678,1,,SZ
sz.002679,1,,SZ
sz.002681,1,,SZ
sz.002682,1,,SZ
sz.002683,1,,SZ
sz.002685,1,,SZ
sz.002686,1,,SZ
sz.002687,1,,SZ
sz.002688,1,,SZ
sz.002689,1,,SZ
sz.002690,1,,SZ
sz.002691,1,,SZ
sz.002692,1,,SZ
sz.002693,1,,SZ
sz.002694,1,,SZ
sz.002695,1,,SZ
sz.002696,1,,SZ
sz.002697,1,,SZ
sz.002698,1,,SZ
sz.002700,1,,SZ
sz.002701,1,,SZ
sz.002702,1,,SZ
sz.002703,1,,SZ
sz.002705,1,,SZ
sz.002706,1,,SZ
sz.002707,1,,SZ
sz.002708,1,,SZ
sz.002709,1,,SZ
sz.002712,1,,SZ
sz.002713,1,,SZ
sz.002714,1,,SZ
sz.002715,1,,SZ
sz.002716,1,,SZ
sz.002717,1,,SZ
sz.002718,1,,SZ
sz.002719,1,,SZ
sz.002721,1,,SZ
sz.002722,1,,SZ
sz.002723,1,,SZ
sz.002724,1,,SZ
sz.002725,1,,SZ
sz.002726,1,,SZ
sz.002727,1,,SZ
sz.002728,1,,SZ
sz.002729,1,,SZ
sz.002730,1,,SZ
sz.002731,1,,SZ
sz.002732,1,,SZ
sz.002733,1,,SZ
sz.002734,1,,SZ
sz.002735,1,,SZ
sz.002736,1,,SZ
sz.002737,1,,SZ
sz.002738,1,,SZ
sz.002739,1,,SZ
sz.002741,1,,SZ
sz.002742,1,,SZ
sz.002743,1,,SZ
sz.002745,1,,SZ
sz.002746,1,,SZ
sz.002747,1,,SZ
sz.002748,1,,SZ
sz.002749,1,,SZ
sz.002752,1,,SZ
sz.002753,1,,SZ
sz.002755,1,,SZ
sz.002756,1,,SZ
sz.002757,1,,SZ
sz.002758,1,,SZ
sz.002759,1,,SZ
sz.002760,1,,SZ
sz.002761,1,,SZ
sz.002762,1,,SZ
sz.002763,1,,SZ
sz.002765,1,,SZ
sz.002766,1,,SZ
sz.002767,1,,SZ
sz.002768,1,,SZ
sz.002769,1,,SZ
sz.002771,1,,SZ
sz.002772,1,,SZ
sz.002773,1,,SZ
sz.002774,1,,SZ
sz.002775,1,,SZ
sz.002777,1,,SZ
sz.002778,1,,SZ
sz.002779,1,,SZ
sz.002780,1,,SZ
sz.002782,1,,SZ
sz.002783,1,,SZ
sz.002785,1,,SZ
sz.002786,1,,SZ
sz.002787,1,,SZ
sz.002788,1,,SZ
sz.002789,1,,SZ
sz.002790,1,,SZ
sz.002791,1,,SZ
sz.002792,1,,SZ
sz.002793,1,,SZ
sz.002795,1,,SZ
sz.002796,1,,SZ
sz.002797,1,,SZ
sz.002798,1,,SZ
sz.002799,1,,SZ
sz.002800,1,,SZ
sz.002801,1,,SZ
sz.002802,1,,SZ
sz.002803,1,,SZ
sz.002805,1,,SZ
sz.002806,1,,SZ
sz.002807,1,,SZ
sz.002808,1,,SZ
sz.002809,1,,SZ
sz.002810,1,,SZ
sz.002811,1,,SZ
sz.002812,1,,SZ
sz.002813,1,,SZ
sz.002815,1,,SZ
sz.002816,1,,SZ
sz.002817,1,,SZ
sz.002818,1,,SZ
sz.002819,1,,SZ
sz.002820,1,,SZ
sz.002821,1,,SZ
sz.002822,1,,SZ
sz.002823,1,,SZ
sz.002824,1,,SZ
sz.002825,1,,SZ
sz.002826,1,,SZ
sz.002827,1,,SZ
sz.002828,1,,SZ
sz.002829,1,,SZ
sz.002830,1,,SZ
sz.002831,1,,SZ
sz.002832,1,,SZ
sz.002833,1,,SZ
sz.002835,1,,SZ
sz.002836,1,,SZ
sz.002837,1,,SZ
sz.002838,1,,SZ
sz.002839,1,,SZ
sz.002840,1,,SZ
sz.002841,1,,SZ
sz.002842,1,,SZ
sz.002843,1,,SZ
sz.002845,1,,SZ
sz.002846,1,,SZ
sz.002847,1,,SZ
sz.002848,1,,SZ
sz.002849,1,,SZ
sz.002850,1,,SZ
sz.002851,1,,SZ
sz.002852,1,,SZ
sz.002853,1,,SZ
sz.002855,1,,SZ
sz.002856,1,,SZ
sz.002857,1,,SZ
sz.002858,1,,SZ
sz.002859,1,,SZ
sz.002860,1,,SZ
sz.002861,1,,SZ
sz.002862,1,,SZ
sz.002863,1,,SZ
sz.002864,1,,SZ
sz.002865,1,,SZ
sz.002866,1,,SZ
sz.002867,1,,SZ
sz.002868,1,,SZ
sz.002869,1,,SZ
sz.002870,1,,SZ
sz.002871,1,,SZ
sz.002872,1,,SZ
sz.002873,1,,SZ
sz.002875,1,,SZ
sz.002876,1,,SZ
sz.002877,1,,SZ
sz.002878,1,,SZ
sz.002879,1,,SZ
sz.002880,1,,SZ
sz.002881,1,,SZ
sz.002882,1,,SZ
sz.002883,1,,SZ
sz.002884,1,,SZ
sz.002885,1,,SZ
sz.002886,1,,SZ
sz.002887,1,,SZ
sz.002888,1,,SZ
sz.002889,1,,SZ
sz.002890,1,,SZ
sz.002891,1,,SZ
sz.002892,1,,SZ
sz.002893,1,,SZ
sz.002895,1,,SZ
sz.002896,1,,SZ
sz.002897,1,,SZ
sz.002898,1,,SZ
sz.002899,1,,SZ
sz.002900,1,,SZ
sz.002901,1,,SZ
sz.002902,1,,SZ
sz.002903,1,,SZ
sz.002905,1,,SZ
sz.002906,1,,SZ
sz.002907,1,,SZ
sz.002908,1,,SZ
sz.002909,1,,SZ
sz.002910,1,,SZ
sz.002911,1,,SZ
sz.002912,1,,SZ
sz.002913,1,,SZ
sz.002915,1,,SZ
sz.002916,1,,SZ
sz.002917,1,,SZ
sz.002918,1,,SZ
sz.002919,1,,SZ
sz.002920,1,,SZ
sz.002921,1,,SZ
sz.002922,1,,SZ
sz.002923,1,,SZ
sz.002925,1,,SZ
sz.002926,1,,SZ
sz.002927,1,,SZ
sz.002928,1,,SZ
sz.002929,1,,SZ
sz.002930,1,,SZ
sz.002931,1,,SZ
sz.002932,1,,SZ
sz.002933,1,,SZ
sz.002935,1,,SZ
sz.002936,1,,SZ
sz.002937,1,,SZ
sz.002938,1,,SZ
sz.002939,1,,SZ
sz.002940,1,,SZ
sz.002941,1,,SZ
sz.002942,1,,SZ
sz.002943,1,,SZ
sz.002945,1,,SZ
sz.002946,1,,SZ
sz.002947,1,,SZ
sz.002948,1,,SZ
sz.002949,1,,SZ
sz.002950,1,,SZ
sz.002951,1,,SZ
sz.002952,1,,SZ
sz.002953,1,,SZ
sz.002955,1,,SZ
sz.002956,1,,SZ
sz.002957,1,,SZ
sz.002958,1,,SZ
sz.002959,1,,SZ
sz.002960,1,,SZ
sz.002961,1,,SZ
sz.002962,1,,SZ
sz.002963,1,,SZ
sz.002965,1,,SZ
sz.002966,1,,SZ
sz.002967,1,,SZ
sz.002968,1,,SZ
sz.002969,1,,SZ
sz.002970,1,,SZ
sz.002971,1,,SZ
sz.002972,1,,SZ
sz.002973,1,,SZ
sz.002975,1,,SZ
sz.002976,1,,SZ
sz.002977,1,,SZ
sz.002978,1,,SZ
sz.002979,1,,SZ
sz.002980,1,,SZ
sz.002981,1,,SZ
sz.002982,1,,SZ
sz.002983,1,,SZ
sz.002984,1,,SZ
sz.002985,1,,SZ
sz.002986,1,,SZ
sz.002987,1,,SZ
sz.002988,1,,SZ
sz.002989,1,,SZ
sz.002990,1,,SZ
sz.002991,1,,SZ
sz.002992,1,,SZ
sz.002993,1,,SZ
sz.002995,1,,SZ
sz.002996,1,,SZ
sz.002997,1,,SZ
sz.002998,1,,SZ
sz.002999,1,,SZ
sz.003000,1,,SZ
sz.003001,1,,SZ
sz.003002,1,,SZ
sz.003003,1,,SZ
sz.003004,1,,SZ
sz.003005,1,,SZ
sz.003006,1,,SZ
sz.003007,1,,SZ
sz.003008,1,,SZ
sz.003009,1,,SZ
sz.003010,1,,SZ
sz.003011,1,,SZ
sz.003012,1,,SZ
sz.003013,1,,SZ
sz.003015,1,,SZ
sz.003016,1,,SZ
sz.003017,1,,SZ
sz.003018,1,,SZ
sz.003019,1,,SZ
sz.003020,1,,SZ
sz.003021,1,,SZ
sz.003022,1,,SZ
sz.003023,1,,SZ
sz.003025,1,,SZ
sz.003026,1,,SZ
sz.003027,1,,SZ
sz.003028,1,,SZ
sz.003029,1,,SZ
sz.003030,1,,SZ
sz.003031,1,,SZ
sz.003032,1,,SZ
sz.003033,1,,SZ
sz.003035,1,,SZ
sz.003036,1,,SZ
sz.003037,1,,SZ
sz.003038,1,,SZ
sz.003039,1,,SZ
sz.003040,1,,SZ
sz.003041,1,,SZ
sz.003042,1,,SZ
sz.003043,1,,SZ
sz.003816,1,,SZ
sz.123049,1,,SZ
sz.123072,1,,SZ
sz.123109,1,,SZ
sz.123122,1,,SZ
sz.123142,1,,SZ
sz.123149,1,,SZ
sz.123159,1,,SZ
sz.123187,1,,SZ
sz.123189,1,,SZ
sz.123193,1,,SZ
sz.123195,1,,SZ
sz.123197,1,,SZ
sz.123207,1,,SZ
sz.123216,1,,SZ
sz.123222,1,,SZ
sz.123229,1,,SZ
sz.123247,1,,SZ
sz.123250,1,,SZ
sz.123251,1,,SZ
sz.123252,1,,SZ
sz.123255,1,,SZ
sz.123258,1,,SZ
sz.123262,1,,SZ
sz.123263,1,,SZ
sz.127017,1,,SZ
sz.127018,1,,SZ
sz.127025,1,,SZ
sz.127034,1,,SZ
sz.127047,1,,SZ
sz.127050,1,,SZ
sz.127054,1,,SZ
sz.127085,1,,SZ
sz.127089,1,,SZ
sz.127090,1,,SZ
sz.127092,1,,SZ
sz.127095,1,,SZ
sz.127104,1,,SZ
sz.128044,1,,SZ
sz.128129,1,,SZ
sz.131802,1,,SZ
sz.159150,1,,SZ
sz.159506,1,,SZ
sz.159512,1,,SZ
sz.159523,1,,SZ
sz.159535,1,,SZ
sz.159537,1,,SZ
sz.159551,1,,SZ
sz.159559,1,,SZ
sz.159575,1,,SZ
sz.159602,1,,SZ
sz.159605,1,,SZ
sz.159613,1,,SZ
sz.159616,1,,SZ
sz.159620,1,,SZ
sz.159625,1,,SZ
sz.159630,1,,SZ
sz.159633,1,,SZ
sz.159651,1,,SZ
sz.159659,1,,SZ
sz.159662,1,,SZ
sz.159671,1,,SZ
sz.159672,1,,SZ
sz.159677,1,,SZ
sz.159678,1,,SZ
sz.159681,1,,SZ
sz.159685,1,,SZ
sz.159686,1,,SZ
sz.159696,1,,SZ
sz.159701,1,,SZ
sz.159706,1,,SZ
sz.159708,1,,SZ
sz.159711,1,,SZ
sz.159712,1,,SZ
sz.159716,1,,SZ
sz.159725,1,,SZ
sz.159748,1,,SZ
sz.159752,1,,SZ
sz.159768,1,,SZ
sz.159780,1,,SZ
sz.159783,1,,SZ
sz.159787,1,,SZ
sz.159790,1,,SZ
sz.159791,1,,SZ
sz.159804,1,,SZ
sz.159813,1,,SZ
sz.159814,1,,SZ
sz.159816,1,,SZ
sz.159825,1,,SZ
sz.159834,1,,SZ
sz.159842,1,,SZ
sz.159845,1,,SZ
sz.159849,1,,SZ
sz.159851,1,,SZ
sz.159855,1,,SZ
sz.159856,1,,SZ
sz.159861,1,,SZ
sz.159865,1,,SZ
sz.159869,1,,SZ
sz.159875,1,,SZ
sz.159889,1,,SZ
sz.159896,1,,SZ
sz.159908,1,,SZ
sz.159913,1,,SZ
sz.159915,1,,SZ
sz.159920,1,,SZ
sz.159930,1,,SZ
sz.159934,1,,SZ
sz.159940,1,,SZ
sz.159941,1,,SZ
sz.159944,1,,SZ
sz.159945,1,,SZ
sz.159966,1,,SZ
sz.159980,1,,SZ
sz.159996,1,,SZ
sz.160119,1,,SZ
sz.160142,1,,SZ
sz.160219,1,,SZ
sz.160324,1,,SZ
sz.160416,1,,SZ
sz.160515,1,,SZ
sz.160529,1,,SZ
sz.160610,1,,SZ
sz.160617,1,,SZ
sz.160621,1,,SZ
sz.160630,1,,SZ
sz.160632,1,,SZ
sz.160727,1,,SZ
sz.160806,1,,SZ
sz.160921,1,,SZ
sz.161024,1,,SZ
sz.161028,1,,SZ
sz.161029,1,,SZ
sz.161035,1,,SZ
sz.161036,1,,SZ
sz.161037,1,,SZ
sz.161125,1,,SZ
sz.161131,1,,SZ
sz.161133,1,,SZ
sz.161222,1,,SZ
sz.161224,1,,SZ
sz.161229,1,,SZ
sz.161706,1,,SZ
sz.161722,1,,SZ
sz.161818,1,,SZ
sz.161834,1,,SZ
sz.161837,1,,SZ
sz.161908,1,,SZ
sz.162307,1,,SZ
sz.162412,1,,SZ
sz.162414,1,,SZ
sz.162605,1,,SZ
sz.162715,1,,SZ
sz.163302,1,,SZ
sz.163402,1,,SZ
sz.163406,1,,SZ
sz.163415,1,,SZ
sz.163804,1,,SZ
sz.164703,1,,SZ
sz.165517,1,,SZ
sz.165520,1,,SZ
sz.165524,1,,SZ
sz.166006,1,,SZ
sz.166009,1,,SZ
sz.166023,1,,SZ
sz.166107,1,,SZ
sz.167503,1,,SZ
sz.167506,1,,SZ
sz.168301,1,,SZ
sz.168401,1,,SZ
sz.168701,1,,SZ
sz.169104,1,,SZ
sz.180103,1,,SZ
sz.200011,1,,SZ
sz.200012,1,,SZ
sz.200030,1,,SZ
sz.200058,1,,SZ
sz.200505,1,,SZ
sz.200869,1,,SZ
sz.300001,1,,SZ
sz.300002,1,,SZ
sz.300003,1,,SZ
sz.300004,1,,SZ
sz.300005,1,,SZ
sz.300006,1,,SZ
sz.300007,1,,SZ
sz.300008,1,,SZ
sz.300009,1,,SZ
sz.300010,1,,SZ
sz.300011,1,,SZ
sz.300012,1,,SZ
sz.300013,1,,SZ
sz.300014,1,,SZ
sz.300015,1,,SZ
sz.300016,1,,SZ
sz.300017,1,,SZ
sz.300018,1,,SZ
sz.300019,1,,SZ
sz.300020,1,,SZ
sz.300021,1,,SZ
sz.300022,1,,SZ
sz.300024,1,,SZ
sz.300025,1,,SZ
sz.300026,1,,SZ
sz.300027,1,,SZ
sz.300029,1,,SZ
sz.300030,1,,SZ
sz.300031,1,,SZ
sz.300032,1,,SZ
sz.300033,1,,SZ
sz.300034,1,,SZ
sz.300035,1,,SZ
sz.300036,1,,SZ
sz.300037,1,,SZ
sz.300039,1,,SZ
sz.300040,1,,SZ
sz.300041,1,,SZ
sz.300042,1,,SZ
sz.300043,1,,SZ
sz.300044,1,,SZ
sz.300045,1,,SZ
sz.300046,1,,SZ
sz.300047,1,,SZ
sz.300048,1,,SZ
sz.300049,1,,SZ
sz.300050,1,,SZ
sz.300051,1,,SZ
sz.300052,1,,SZ
sz.300053,1,,SZ
sz.300054,1,,SZ
sz.300055,1,,SZ
sz.300056,1,,SZ
sz.300057,1,,SZ
sz.300058,1,,SZ
sz.300059,1,,SZ
sz.300061,1,,SZ
sz.300062,1,,SZ
sz.300063,1,,SZ
sz.300065,1,,SZ
sz.300066,1,,SZ
sz.300067,1,,SZ
sz.300068,1,,SZ
sz.300069,1,,SZ
sz.300070,1,,SZ
sz.300071,1,,SZ
sz.300072,1,,SZ
sz.300073,1,,SZ
sz.300074,1,,SZ
sz.300075,1,,SZ
sz.300076,1,,SZ
sz.300077,1,,SZ
sz.300078,1,,SZ
sz.300079,1,,SZ
sz.300080,1,,SZ
sz.300081,1,,SZ
sz.300082,1,,SZ
sz.300083,1,,SZ
sz.300084,1,,SZ
sz.300085,1,,SZ
sz.300086,1,,SZ
sz.300087,1,,SZ
sz.300088,1,,SZ
sz.300091,1,,SZ
sz.300092,1,,SZ
sz.300093,1,,SZ
sz.300094,1,,SZ
sz.300095,1,,SZ
sz.300096,1,,SZ
sz.300097,1,,SZ
sz.300098,1,,SZ
sz.300099,1,,SZ
sz.300100,1,,SZ
sz.300101,1,,SZ
sz.300102,1,,SZ
sz.300103,1,,SZ
sz.300105,1,,SZ
sz.300106,1,,SZ
sz.300107,1,,SZ
sz.300109,1,,SZ
sz.300110,1,,SZ
sz.300111,1,,SZ
sz.300112,1,,SZ
sz.300113,1,,SZ
sz.300115,1,,SZ
sz.300118,1,,SZ
sz.300119,1,,SZ
sz.300120,1,,SZ
sz.300121,1,,SZ
sz.300122,1,,SZ
sz.300123,1,,SZ
sz.300124,1,,SZ
sz.300125,1,,SZ
sz.300126,1,,SZ
sz.300127,1,,SZ
sz.300128,1,,SZ
sz.300129,1,,SZ
sz.300130,1,,SZ
sz.300131,1,,SZ
sz.300132,1,,SZ
sz.300133,1,,SZ
sz.300134,1,,SZ
sz.300135,1,,SZ
sz.300136,1,,SZ
sz.300137,1,,SZ
sz.300138,1,,SZ
sz.300139,1,,SZ
sz.300140,1,,SZ
sz.300141,1,,SZ
sz.300142,1,,SZ
sz.300143,1,,SZ
sz.300144,1,,SZ
sz.300145,1,,SZ
sz.300146,1,,SZ
sz.300147,1,,SZ
sz.300148,1,,SZ
sz.300149,1,,SZ
sz.300150,1,,SZ
sz.300151,1,,SZ
sz.300152,1,,SZ
sz.300153,1,,SZ
sz.300154,1,,SZ
sz.300155,1,,SZ
sz.300157,1,,SZ
sz.300158,1,,SZ
sz.300159,1,,SZ
sz.300160,1,,SZ
sz.300161,1,,SZ
sz.300162,1,,SZ
sz.300163,1,,SZ
sz.300164,1,,SZ
sz.300165,1,,SZ
sz.300166,1,,SZ
sz.300167,1,,SZ
sz.300168,1,,SZ
sz.300169,1,,SZ
sz.300170,1,,SZ
sz.300171,1,,SZ
sz.300172,1,,SZ
sz.300173,1,,SZ
sz.300174,1,,SZ
sz.300175,1,,SZ
sz.300176,1,,SZ
sz.300177,1,,SZ
sz.300179,1,,SZ
sz.300180,1,,SZ
sz.300181,1,,SZ
sz.300182,1,,SZ
sz.300183,1,,SZ
sz.300184,1,,SZ
sz.300185,1,,SZ
sz.300187,1,,SZ
sz.300188,1,,SZ
sz.300189,1,,SZ
sz.300190,1,,SZ
sz.300191,1,,SZ
sz.300192,1,,SZ
sz.300193,1,,SZ
sz.300194,1,,SZ
sz.300195,1,,SZ
sz.300196,1,,SZ
sz.300197,1,,SZ
sz.300198,1,,SZ
sz.300199,1,,SZ
sz.300200,1,,SZ
sz.300201,1,,SZ
sz.300203,1,,SZ
sz.300204,1,,SZ
sz.300205,1,,SZ
sz.300206,1,,SZ
sz.300207,1,,SZ
sz.300209,1,,SZ
sz.300210,1,,SZ
sz.300211,1,,SZ
sz.300212,1,,SZ
sz.300213,1,,SZ
sz.300214,1,,SZ
sz.300215,1,,SZ
sz.300217,1,,SZ
sz.300218,1,,SZ
sz.300219,1,,SZ
sz.300220,1,,SZ
sz.300221,1,,SZ
sz.300222,1,,SZ
sz.300223,1,,SZ
sz.300224,1,,SZ
sz.300225,1,,SZ
sz.300226,1,,SZ
sz.300227,1,,SZ
sz.300228,1,,SZ
sz.300229,1,,SZ
sz.300230,1,,SZ
sz.300231,1,,SZ
sz.300232,1,,SZ
sz.300233,1,,SZ
sz.300234,1,,SZ
sz.300235,1,,SZ
sz.300236,1,,SZ
sz.300237,1,,SZ
sz.300238,1,,SZ
sz.300239,1,,SZ
sz.300240,1,,SZ
sz.300241,1,,SZ
sz.300242,1,,SZ
sz.300243,1,,SZ
sz.300244,1,,SZ
sz.300245,1,,SZ
sz.300246,1,,SZ
sz.300247,1,,SZ
sz.300248,1,,SZ
sz.300249,1,,SZ
sz.300250,1,,SZ
sz.300251,1,,SZ
sz.300252,1,,SZ
sz.300253,1,,SZ
sz.300254,1,,SZ
sz.300255,1,,SZ
sz.300256,1,,SZ
sz.300257,1,,SZ
sz.300258,1,,SZ
sz.300259,1,,SZ
sz.300260,1,,SZ
sz.300261,1,,SZ
sz.300263,1,,SZ
sz.300264,1,,SZ
sz.300265,1,,SZ
sz.300266,1,,SZ
sz.300267,1,,SZ
sz.300268,1,,SZ
sz.300269,1,,SZ
sz.300270,1,,SZ
sz.300271,1,,SZ
sz.300272,1,,SZ
sz.300274,1,,SZ
sz.300275,1,,SZ
sz.300276,1,,SZ
sz.300277,1,,SZ
sz.300278,1,,SZ
sz.300279,1,,SZ
sz.300281,1,,SZ
sz.300283,1,,SZ
sz.300284,1,,SZ
sz.300285,1,,SZ
sz.300286,1,,SZ
sz.300287,1,,SZ
sz.300288,1,,SZ
sz.300289,1,,SZ
sz.300290,1,,SZ
sz.300291,1,,SZ
sz.300292,1,,SZ
sz.300293,1,,SZ
sz.300294,1,,SZ
sz.300295,1,,SZ
sz.300296,1,,SZ
sz.300298,1,,SZ
sz.300299,1,,SZ
sz.300300,1,,SZ
sz.300301,1,,SZ
sz.300302,1,,SZ
sz.300303,1,,SZ
sz.300304,1,,SZ
sz.300305,1,,SZ
sz.300306,1,,SZ
sz.300307,1,,SZ
sz.300308,1,,SZ
sz.300310,1,,SZ
sz.300311,1,,SZ
sz.300313,1,,SZ
sz.300314,1,,SZ
sz.300315,1,,SZ
sz.300316,1,,SZ
sz.300317,1,,SZ
sz.300318,1,,SZ
sz.300319,1,,SZ
sz.300320,1,,SZ
sz.300321,1,,SZ
sz.300322,1,,SZ
sz.300323,1,,SZ
sz.300324,1,,SZ
sz.300326,1,,SZ
sz.300327,1,,SZ
sz.300328,1,,SZ
sz.300329,1,,SZ
sz.300331,1,,SZ
sz.300332,1,,SZ
sz.300333,1,,SZ
sz.300334,1,,SZ
sz.300335,1,,SZ
sz.300337,1,,SZ
sz.300338,1,,SZ
sz.300339,1,,SZ
sz.300340,1,,SZ
sz.300341,1,,SZ
sz.300342,1,,SZ
sz.300343,1,,SZ
sz.300344,1,,SZ
sz.300345,1,,SZ
sz.300346,1,,SZ
sz.300347,1,,SZ
sz.300348,1,,SZ
sz.300349,1,,SZ
sz.300350,1,,SZ
sz.300351,1,,SZ
sz.300352,1,,SZ
sz.300353,1,,SZ
sz.300354,1,,SZ
sz.300355,1,,SZ
sz.300357,1,,SZ
sz.300358,1,,SZ
sz.300359,1,,SZ
sz.300360,1,,SZ
sz.300363,1,,SZ
sz.300364,1,,SZ
sz.300365,1,,SZ
sz.300366,1,,SZ
sz.300368,1,,SZ
sz.300369,1,,SZ
sz.300370,1,,SZ
sz.300371,1,,SZ
sz.300373,1,,SZ
sz.300374,1,,SZ
sz.300375,1,,SZ
sz.300376,1,,SZ
sz.300377,1,,SZ
sz.300378,1,,SZ
sz.300380,1,,SZ
sz.300381,1,,SZ
sz.300382,1,,SZ
sz.300383,1,,SZ
sz.300384,1,,SZ
sz.300385,1,,SZ
sz.300386,1,,SZ
sz.300387,1,,SZ
sz.300388,1,,SZ
sz.300389,1,,SZ
sz.300390,1,,SZ
sz.300393,1,,SZ
sz.300394,1,,SZ
sz.300395,1,,SZ
sz.300396,1,,SZ
sz.300397,1,,SZ
sz.300398,1,,SZ
sz.300399,1,,SZ
sz.300400,1,,SZ
sz.300401,1,,SZ
sz.300402,1,,SZ
sz.300403,1,,SZ
sz.300404,1,,SZ
sz.300405,1,,SZ
sz.300406,1,,SZ
sz.300407,1,,SZ
sz.300408,1,,SZ
sz.300409,1,,SZ
sz.300410,1,,SZ
sz.300411,1,,SZ
sz.300412,1,,SZ
sz.300413,1,,SZ
sz.300414,1,,SZ
sz.300415,1,,SZ
sz.300416,1,,SZ
sz.300417,1,,SZ
sz.300418,1,,SZ
sz.300419,1,,SZ
sz.300420,1,,SZ
sz.300421,1,,SZ
sz.300422,1,,SZ
sz.300423,1,,SZ
sz.300424,1,,SZ
sz.300425,1,,SZ
sz.300426,1,,SZ
sz.300427,1,,SZ
sz.300428,1,,SZ
sz.300429,1,,SZ
sz.300430,1,,SZ
sz.300432,1,,SZ
sz.300433,1,,SZ
sz.300434,1,,SZ
sz.300435,1,,SZ
sz.300436,1,,SZ
sz.300437,1,,SZ
sz.300438,1,,SZ
sz.300439,1,,SZ
sz.300440,1,,SZ
sz.300441,1,,SZ
sz.300442,1,,SZ
sz.300443,1,,SZ
sz.300444,1,,SZ
sz.300445,1,,SZ
sz.300446,1,,SZ
sz.300447,1,,SZ
sz.300448,1,,SZ
sz.300449,1,,SZ
sz.300450,1,,SZ
sz.300451,1,,SZ
sz.300452,1,,SZ
sz.300453,1,,SZ
sz.300454,1,,SZ
sz.300455,1,,SZ
sz.300456,1,,SZ
sz.300457,1,,SZ
sz.300458,1,,SZ
sz.300459,1,,SZ
sz.300460,1,,SZ
sz.300461,1,,SZ
sz.300462,1,,SZ
sz.300463,1,,SZ
sz.300464,1,,SZ
sz.300465,1,,SZ
sz.300466,1,,SZ
sz.300467,1,,SZ
sz.300468,1,,SZ
sz.300469,1,,SZ
sz.300470,1,,SZ
sz.300471,1,,SZ
sz.300472,1,,SZ
sz.300473,1,,SZ
sz.300474,1,,SZ
sz.300475,1,,SZ
sz.300476,1,,SZ
sz.300477,1,,SZ
sz.300478,1,,SZ
sz.300479,1,,SZ
sz.300480,1,,SZ
sz.300481,1,,SZ
sz.300482,1,,SZ
sz.300483,1,,SZ
sz.300484,1,,SZ
sz.300485,1,,SZ
sz.300486,1,,SZ
sz.300487,1,,SZ
sz.300488,1,,SZ
sz.300489,1,,SZ
sz.300490,1,,SZ
sz.300491,1,,SZ
sz.300492,1,,SZ
sz.300493,1,,SZ
sz.300494,1,,SZ
sz.300496,1,,SZ
sz.300497,1,,SZ
sz.300498,1,,SZ
sz.300499,1,,SZ
sz.300500,1,,SZ
sz.300501,1,,SZ
sz.300502,1,,SZ
sz.300503,1,,SZ
sz.300504,1,,SZ
sz.300505,1,,SZ
sz.300506,1,,SZ
sz.300507,1,,SZ
sz.300508,1,,SZ
sz.300509,1,,SZ
sz.300510,1,,SZ
sz.300511,1,,SZ
sz.300512,1,,SZ
sz.300513,1,,SZ
sz.300514,1,,SZ
sz.300515,1,,SZ
sz.300516,1,,SZ
sz.300517,1,,SZ
sz.300518,1,,SZ
sz.300519,1,,SZ
sz.300520,1,,SZ
sz.300521,1,,SZ
sz.300522,1,,SZ
sz.300523,1,,SZ
sz.300525,1,,SZ
sz.300527,1,,SZ
sz.300528,1,,SZ
sz.300529,1,,SZ
sz.300530,1,,SZ
sz.300531,1,,SZ
sz.300532,1,,SZ
sz.300533,1,,SZ
sz.300534,1,,SZ
sz.300535,1,,SZ
sz.300536,1,,SZ
sz.300537,1,,SZ
sz.300538,1,,SZ
sz.300539,1,,SZ
sz.300540,1,,SZ
sz.300541,1,,SZ
sz.300542,1,,SZ
sz.300543,1,,SZ
sz.300545,1,,SZ
sz.300546,1,,SZ
sz.300547,1,,SZ
sz.300548,1,,SZ
sz.300549,1,,SZ
sz.300550,1,,SZ
sz.300551,1,,SZ
sz.300552,1,,SZ
sz.300553,1,,SZ
sz.300554,1,,SZ
sz.300555,1,,SZ
sz.300556,1,,SZ
sz.300557,1,,SZ
sz.300558,1,,SZ
sz.300559,1,,SZ
sz.300560,1,,SZ
sz.300561,1,,SZ
sz.300562,1,,SZ
sz.300563,1,,SZ
sz.300564,1,,SZ
sz.300565,1,,SZ
sz.300566,1,,SZ
sz.300567,1,,SZ
sz.300568,1,,SZ
sz.300569,1,,SZ
sz.300570,1,,SZ
sz.300571,1,,SZ
sz.300572,1,,SZ
sz.300573,1,,SZ
sz.300575,1,,SZ
sz.300576,1,,SZ
sz.300577,1,,SZ
sz.300578,1,,SZ
sz.300579,1,,SZ
sz.300580,1,,SZ
sz.300581,1,,SZ
sz.300582,1,,SZ
sz.300583,1,,SZ
sz.300584,1,,SZ
sz.300585,1,,SZ
sz.300586,1,,SZ
sz.300587,1,,SZ
sz.300588,1,,SZ
sz.300589,1,,SZ
sz.300590,1,,SZ
sz.300591,1,,SZ
sz.300592,1,,SZ
sz.300593,1,,SZ
sz.300594,1,,SZ
sz.300595,1,,SZ
sz.300596,1,,SZ
sz.300597,1,,SZ
sz.300598,1,,SZ
sz.300599,1,,SZ
sz.300600,1,,SZ
sz.300601,1,,SZ
sz.300602,1,,SZ
sz.300603,1,,SZ
sz.300604,1,,SZ
sz.300605,1,,SZ
sz.300606,1,,SZ
sz.300607,1,,SZ
sz.300608,1,,SZ
sz.300609,1,,SZ
sz.300610,1,,SZ
sz.300611,1,,SZ
sz.300612,1,,SZ
sz.300613,1,,SZ
sz.300614,1,,SZ
sz.300615,1,,SZ
sz.300616,1,,SZ
sz.300617,1,,SZ
sz.300618,1,,SZ
sz.300619,1,,SZ
sz.300620,1,,SZ
sz.300621,1,,SZ
sz.300622,1,,SZ
sz.300623,1,,SZ
sz.300624,1,,SZ
sz.300625,1,,SZ
sz.300626,1,,SZ
sz.300627,1,,SZ
sz.300628,1,,SZ
sz.300629,1,,SZ
sz.300631,1,,SZ
sz.300632,1,,SZ
sz.300633,1,,SZ
sz.300634,1,,SZ
sz.300635,1,,SZ
sz.300636,1,,SZ
sz.300637,1,,SZ
sz.300638,1,,SZ
sz.300639,1,,SZ
sz.300640,1,,SZ
sz.300641,1,,SZ
sz.300642,1,,SZ
sz.300643,1,,SZ
sz.300644,1,,SZ
sz.300645,1,,SZ
sz.300647,1,,SZ
sz.300648,1,,SZ
sz.300649,1,,SZ
sz.300650,1,,SZ
sz.300651,1,,SZ
sz.300652,1,,SZ
sz.300653,1,,SZ
sz.300654,1,,SZ
sz.300655,1,,SZ
sz.300656,1,,SZ
sz.300657,1,,SZ
sz.300658,1,,SZ
sz.300659,1,,SZ
sz.300660,1,,SZ
sz.300661,1,,SZ
sz.300662,1,,SZ
sz.300663,1,,SZ
sz.300664,1,,SZ
sz.300665,1,,SZ
sz.300666,1,,SZ
sz.300667,1,,SZ
sz.300668,1,,SZ
sz.300669,1,,SZ
sz.300670,1,,SZ
sz.300671,1,,SZ
sz.300672,1,,SZ
sz.300673,1,,SZ
sz.300674,1,,SZ
sz.300675,1,,SZ
sz.300676,1,,SZ
sz.300677,1,,SZ
sz.300678,1,,SZ
sz.300679,1,,SZ
sz.300680,1,,SZ
sz.300681,1,,SZ
sz.300682,1,,SZ
sz.300683,1,,SZ
sz.300684,1,,SZ
sz.300685,1,,SZ
sz.300686,1,,SZ
sz.300687,1,,SZ
sz.300688,1,,SZ
sz.300689,1,,SZ
sz.300690,1,,SZ
sz.300691,1,,SZ
sz.300692,1,,SZ
sz.300693,1,,SZ
sz.300694,1,,SZ
sz.300695,1,,SZ
sz.300696,1,,SZ
sz.300697,1,,SZ
sz.300698,1,,SZ
sz.300699,1,,SZ
sz.300700,1,,SZ
sz.300701,1,,SZ
sz.300702,1,,SZ
sz.300703,1,,SZ
sz.300705,1,,SZ
sz.300706,1,,SZ
sz.300707,1,,SZ
sz.300708,1,,SZ
sz.300709,1,,SZ
sz.300710,1,,SZ
sz.300711,1,,SZ
sz.300712,1,,SZ
sz.300713,1,,SZ
sz.300715,1,,SZ
sz.300716,1,,SZ
sz.300717,1,,SZ
sz.300718,1,,SZ
sz.300719,1,,SZ
sz.300720,1,,SZ
sz.300721,1,,SZ
sz.300722,1,,SZ
sz.300723,1,,SZ
sz.300724,1,,SZ
sz.300725,1,,SZ
sz.300726,1,,SZ
sz.300727,1,,SZ
sz.300729,1,,SZ
sz.300730,1,,SZ
sz.300731,1,,SZ
sz.300732,1,,SZ
sz.300733,1,,SZ
sz.300735,1,,SZ
sz.300736,1,,SZ
sz.300737,1,,SZ
sz.300738,1,,SZ
sz.300739,1,,SZ
sz.300740,1,,SZ
sz.300741,1,,SZ
sz.300743,1,,SZ
sz.300745,1,,SZ
sz.300746,1,,SZ
sz.300747,1,,SZ
sz.300748,1,,SZ
sz.300749,1,,SZ
sz.300750,1,,SZ
sz.300751,1,,SZ
sz.300752,1,,SZ
sz.300753,1,,SZ
sz.300755,1,,SZ
sz.300756,1,,SZ
sz.300757,1,,SZ
sz.300758,1,,SZ
sz.300759,1,,SZ
sz.300760,1,,SZ
sz.300761,1,,SZ
sz.300762,1,,SZ
sz.300763,1,,SZ
sz.300765,1,,SZ
sz.300766,1,,SZ
sz.300767,1,,SZ
sz.300768,1,,SZ
sz.300769,1,,SZ
sz.300770,1,,SZ
sz.300771,1,,SZ
sz.300772,1,,SZ
sz.300773,1,,SZ
sz.300774,1,,SZ
sz.300775,1,,SZ
sz.300776,1,,SZ
sz.300777,1,,SZ
sz.300778,1,,SZ
sz.300779,1,,SZ
sz.300780,1,,SZ
sz.300781,1,,SZ
sz.300782,1,,SZ
sz.300783,1,,SZ
sz.300784,1,,SZ
sz.300785,1,,SZ
sz.300786,1,,SZ
sz.300787,1,,SZ
sz.300788,1,,SZ
sz.300789,1,,SZ
sz.300790,1,,SZ
sz.300791,1,,SZ
sz.300792,1,,SZ
sz.300793,1,,SZ
sz.300795,1,,SZ
sz.300796,1,,SZ
sz.300797,1,,SZ
sz.300798,1,,SZ
sz.300800,1,,SZ
sz.300801,1,,SZ
sz.300802,1,,SZ
sz.300803,1,,SZ
sz.300804,1,,SZ
sz.300805,1,,SZ
sz.300806,1,,SZ
sz.300807,1,,SZ
sz.300808,1,,SZ
sz.300809,1,,SZ
sz.300810,1,,SZ
sz.300811,1,,SZ
sz.300812,1,,SZ
sz.300813,1,,SZ
sz.300814,1,,SZ
sz.300815,1,,SZ
sz.300816,1,,SZ
sz.300817,1,,SZ
sz.300818,1,,SZ
sz.300819,1,,SZ
sz.300820,1,,SZ
sz.300821,1,,SZ
sz.300822,1,,SZ
sz.300823,1,,SZ
sz.300824,1,,SZ
sz.300825,1,,SZ
sz.300826,1,,SZ
sz.300827,1,,SZ
sz.300828,1,,SZ
sz.300829,1,,SZ
sz.300830,1,,SZ
sz.300831,1,,SZ
sz.300832,1,,SZ
sz.300833,1,,SZ
sz.300834,1,,SZ
sz.300835,1,,SZ
sz.300836,1,,SZ
sz.300837,1,,SZ
sz.300838,1,,SZ
sz.300839,1,,SZ
sz.300840,1,,SZ
sz.300841,1,,SZ
sz.300842,1,,SZ
sz.300843,1,,SZ
sz.300844,1,,SZ
sz.300845,1,,SZ
sz.300846,1,,SZ
sz.300847,1,,SZ
sz.300848,1,,SZ
sz.300849,1,,SZ
sz.300850,1,,SZ
sz.300851,1,,SZ
sz.300852,1,,SZ
sz.300853,1,,SZ
sz.300854,1,,SZ
sz.300855,1,,SZ
sz.300856,1,,SZ
sz.300857,1,,SZ
sz.300858,1,,SZ
sz.300859,1,,SZ
sz.300860,1,,SZ
sz.300861,1,,SZ
sz.300862,1,,SZ
sz.300863,1,,SZ
sz.300864,1,,SZ
sz.300865,1,,SZ
sz.300866,1,,SZ
sz.300867,1,,SZ
sz.300868,1,,SZ
sz.300869,1,,SZ
sz.300870,1,,SZ
sz.300871,1,,SZ
sz.300872,1,,SZ
sz.300873,1,,SZ
sz.300875,1,,SZ
sz.300876,1,,SZ
sz.300877,1,,SZ
sz.300878,1,,SZ
sz.300879,1,,SZ
sz.300880,1,,SZ
sz.300881,1,,SZ
sz.300882,1,,SZ
sz.300883,1,,SZ
sz.300884,1,,SZ
sz.300885,1,,SZ
sz.300886,1,,SZ
sz.300887,1,,SZ
sz.300888,1,,SZ
sz.300889,1,,SZ
sz.300890,1,,SZ
sz.300891,1,,SZ
sz.300892,1,,SZ
sz.300893,1,,SZ
sz.300894,1,,SZ
sz.300895,1,,SZ
sz.300896,1,,SZ
sz.300897,1,,SZ
sz.300898,1,,SZ
sz.300899,1,,SZ
sz.300900,1,,SZ
sz.300901,1,,SZ
sz.300902,1,,SZ
sz.300903,1,,SZ
sz.300904,1,,SZ
sz.300905,1,,SZ
sz.300906,1,,SZ
sz.300907,1,,SZ
sz.300908,1,,SZ
sz.300909,1,,SZ
sz.300910,1,,SZ
sz.300911,1,,SZ
sz.300912,1,,SZ
sz.300913,1,,SZ
sz.300915,1,,SZ
sz.300916,1,,SZ
sz.300917,1,,SZ
sz.300918,1,,SZ
sz.300919,1,,SZ
sz.300920,1,,SZ
sz.300921,1,,SZ
sz.300922,1,,SZ
sz.300923,1,,SZ
sz.300925,1,,SZ
sz.300926,1,,SZ
sz.300927,1,,SZ
sz.300928,1,,SZ
sz.300929,1,,SZ
sz.300930,1,,SZ
sz.300931,1,,SZ
sz.300932,1,,SZ
sz.300933,1,,SZ
sz.300935,1,,SZ
sz.300936,1,,SZ
sz.300937,1,,SZ
sz.300938,1,,SZ
sz.300939,1,,SZ
sz.300940,1,,SZ
sz.300941,1,,SZ
sz.300942,1,,SZ
sz.300943,1,,SZ
sz.300945,1,,SZ
sz.300946,1,,SZ
sz.300947,1,,SZ
sz.300948,1,,SZ
sz.300949,1,,SZ
sz.300950,1,,SZ
sz.300951,1,,SZ
sz.300952,1,,SZ
sz.300953,1,,SZ
sz.300955,1,,SZ
sz.300956,1,,SZ
sz.300957,1,,SZ
sz.300958,1,,SZ
sz.300959,1,,SZ
sz.300960,1,,SZ
sz.300961,1,,SZ
sz.300962,1,,SZ
sz.300963,1,,SZ
sz.300964,1,,SZ
sz.300965,1,,SZ
sz.300966,1,,SZ
sz.300967,1,,SZ
sz.300968,1,,SZ
sz.300969,1,,SZ
sz.300970,1,,SZ
sz.300971,1,,SZ
sz.300972,1,,SZ
sz.300973,1,,SZ
sz.300975,1,,SZ
sz.300976,1,,SZ
sz.300977,1,,SZ
sz.300978,1,,SZ
sz.300979,1,,SZ
sz.300980,1,,SZ
sz.300981,1,,SZ
sz.300982,1,,SZ
sz.300983,1,,SZ
sz.300984,1,,SZ
sz.300985,1,,SZ
sz.300986,1,,SZ
sz.300987,1,,SZ
sz.300988,1,,SZ
sz.300989,1,,SZ
sz.300990,1,,SZ
sz.300991,1,,SZ
sz.300992,1,,SZ
sz.300993,1,,SZ
sz.300994,1,,SZ
sz.300995,1,,SZ
sz.300996,1,,SZ
sz.300997,1,,SZ
sz.300998,1,,SZ
sz.300999,1,,SZ
sz.301000,1,,SZ
sz.301001,1,,SZ
sz.301002,1,,SZ
sz.301003,1,,SZ
sz.301004,1,,SZ
sz.301005,1,,SZ
sz.301006,1,,SZ
sz.301007,1,,SZ
sz.301008,1,,SZ
sz.301009,1,,SZ
sz.301010,1,,SZ
sz.301011,1,,SZ
sz.301012,1,,SZ
sz.301013,1,,SZ
sz.301015,1,,SZ
sz.301016,1,,SZ
sz.301017,1,,SZ
sz.301018,1,,SZ
sz.301019,1,,SZ
sz.301020,1,,SZ
sz.301021,1,,SZ
sz.301022,1,,SZ
sz.301023,1,,SZ
sz.301024,1,,SZ
sz.301025,1,,SZ
sz.301026,1,,SZ
sz.301027,1,,SZ
sz.301028,1,,SZ
sz.301029,1,,SZ
sz.301030,1,,SZ
sz.301031,1,,SZ
sz.301032,1,,SZ
sz.301033,1,,SZ
sz.301035,1,,SZ
sz.301036,1,,SZ
sz.301037,1,,SZ
sz.301038,1,,SZ
sz.301039,1,,SZ
sz.301040,1,,SZ
sz.301041,1,,SZ
sz.301042,1,,SZ
sz.301043,1,,SZ
sz.301045,1,,SZ
sz.301046,1,,SZ
sz.301047,1,,SZ
sz.301048,1,,SZ
sz.301049,1,,SZ
sz.301050,1,,SZ
sz.301051,1,,SZ
sz.301052,1,,SZ
sz.301053,1,,SZ
sz.301055,1,,SZ
sz.301056,1,,SZ
sz.301057,1,,SZ
sz.301058,1,,SZ
sz.301059,1,,SZ
sz.301060,1,,SZ
sz.301061,1,,SZ
sz.301062,1,,SZ
sz.301063,1,,SZ
sz.301065,1,,SZ
sz.301066,1,,SZ
sz.301067,1,,SZ
sz.301068,1,,SZ
sz.301069,1,,SZ
sz.301070,1,,SZ
sz.301071,1,,SZ
sz.301072,1,,SZ
sz.301073,1,,SZ
sz.301075,1,,SZ
sz.301076,1,,SZ
sz.301077,1,,SZ
sz.301078,1,,SZ
sz.301079,1,,SZ
sz.301080,1,,SZ
sz.301081,1,,SZ
sz.301082,1,,SZ
sz.301083,1,,SZ
sz.301085,1,,SZ
sz.301086,1,,SZ
sz.301087,1,,SZ
sz.301088,1,,SZ
sz.301089,1,,SZ
sz.301090,1,,SZ
sz.301091,1,,SZ
sz.301092,1,,SZ
sz.301093,1,,SZ
sz.301095,1,,SZ
sz.301096,1,,SZ
sz.301097,1,,SZ
sz.301098,1,,SZ
sz.301099,1,,SZ
sz.301100,1,,SZ
sz.301101,1,,SZ
sz.301102,1,,SZ
sz.301103,1,,SZ
sz.301105,1,,SZ
sz.301106,1,,SZ
sz.301107,1,,SZ
sz.301108,1,,SZ
sz.301109,1,,SZ
sz.301110,1,,SZ
sz.301111,1,,SZ
sz.301112,1,,SZ
sz.301113,1,,SZ
sz.301115,1,,SZ
sz.301116,1,,SZ
sz.301117,1,,SZ
sz.301118,1,,SZ
sz.301119,1,,SZ
sz.301120,1,,SZ
sz.301121,1,,SZ
sz.301122,1,,SZ
sz.301123,1,,SZ
sz.301125,1,,SZ
sz.301126,1,,SZ
sz.301127,1,,SZ
sz.301128,1,,SZ
sz.301129,1,,SZ
sz.301130,1,,SZ
sz.301131,1,,SZ
sz.301132,1,,SZ
sz.301133,1,,SZ
sz.301135,1,,SZ
sz.301136,1,,SZ
sz.301137,1,,SZ
sz.301138,1,,SZ
sz.301139,1,,SZ
sz.301141,1,,SZ
sz.301148,1,,SZ
sz.301149,1,,SZ
sz.301150,1,,SZ
sz.301151,1,,SZ
sz.301152,1,,SZ
sz.301153,1,,SZ
sz.301155,1,,SZ
sz.301156,1,,SZ
sz.301157,1,,SZ
sz.301158,1,,SZ
sz.301159,1,,SZ
sz.301160,1,,SZ
sz.301161,1,,SZ
sz.301162,1,,SZ
sz.301163,1,,SZ
sz.301165,1,,SZ
sz.301166,1,,SZ
sz.301167,1,,SZ
sz.301168,1,,SZ
sz.301169,1,,SZ
sz.301170,1,,SZ
sz.301171,1,,SZ
sz.301172,1,,SZ
sz.301173,1,,SZ
sz.301175,1,,SZ
sz.301176,1,,SZ
sz.301177,1,,SZ
sz.301178,1,,SZ
sz.301179,1,,SZ
sz.301180,1,,SZ
sz.301181,1,,SZ
sz.301182,1,,SZ
sz.301183,1,,SZ
sz.301185,1,,SZ
sz.301186,1,,SZ
sz.301187,1,,SZ
sz.301188,1,,SZ
sz.301189,1,,SZ
sz.301190,1,,SZ
sz.301191,1,,SZ
sz.301192,1,,SZ
sz.301193,1,,SZ
sz.301195,1,,SZ
sz.301196,1,,SZ
sz.301197,1,,SZ
sz.301198,1,,SZ
sz.301199,1,,SZ
sz.301200,1,,SZ
sz.301201,1,,SZ
sz.301202,1,,SZ
sz.301203,1,,SZ
sz.301205,1,,SZ
sz.301206,1,,SZ
sz.301207,1,,SZ
sz.301208,1,,SZ
sz.301209,1,,SZ
sz.301210,1,,SZ
sz.301211,1,,SZ
sz.301212,1,,SZ
sz.301213,1,,SZ
sz.301215,1,,SZ
sz.301216,1,,SZ
sz.301217,1,,SZ
sz.301218,1,,SZ
sz.301219,1,,SZ
sz.301220,1,,SZ
sz.301221,1,,SZ
sz.301222,1,,SZ
sz.301223,1,,SZ
sz.301225,1,,SZ
sz.301226,1,,SZ
sz.301227,1,,SZ
sz.301228,1,,SZ
sz.301229,1,,SZ
sz.301230,1,,SZ
sz.301231,1,,SZ
sz.301232,1,,SZ
sz.301233,1,,SZ
sz.301234,1,,SZ
sz.301235,1,,SZ
sz.301236,1,,SZ
sz.301237,1,,SZ
sz.301238,1,,SZ
sz.301239,1,,SZ
sz.301246,1,,SZ
sz.301248,1,,SZ
sz.301251,1,,SZ
sz.301252,1,,SZ
sz.301255,1,,SZ
sz.301256,1,,SZ
sz.301257,1,,SZ
sz.301258,1,,SZ
sz.301259,1,,SZ
sz.301260,1,,SZ
sz.301261,1,,SZ
sz.301262,1,,SZ
sz.301263,1,,SZ
sz.301265,1,,SZ
sz.301266,1,,SZ
sz.301267,1,,SZ
sz.301268,1,,SZ
sz.301269,1,,SZ
sz.301270,1,,SZ
sz.301272,1,,SZ
sz.301273,1,,SZ
sz.301275,1,,SZ
sz.301276,1,,SZ
sz.301277,1,,SZ
sz.301278,1,,SZ
sz.301279,1,,SZ
sz.301280,1,,SZ
sz.301281,1,,SZ
sz.301282,1,,SZ
sz.301283,1,,SZ
sz.301285,1,,SZ
sz.301286,1,,SZ
sz.301287,1,,SZ
sz.301288,1,,SZ
sz.301289,1,,SZ
sz.301290,1,,SZ
sz.301291,1,,SZ
sz.301292,1,,SZ
sz.301293,1,,SZ
sz.301295,1,,SZ
sz.301296,1,,SZ
sz.301297,1,,SZ
sz.301298,1,,SZ
sz.301299,1,,SZ
sz.301300,1,,SZ
sz.301301,1,,SZ
sz.301302,1,,SZ
sz.301303,1,,SZ
sz.301305,1,,SZ
sz.301306,1,,SZ
sz.301307,1,,SZ
sz.301308,1,,SZ
sz.301309,1,,SZ
sz.301310,1,,SZ
sz.301311,1,,SZ
sz.301312,1,,SZ
sz.301313,1,,SZ
sz.301314,1,,SZ
sz.301315,1,,SZ
sz.301316,1,,SZ
sz.301317,1,,SZ
sz.301318,1,,SZ
sz.301319,1,,SZ
sz.301320,1,,SZ
sz.301321,1,,SZ
sz.301322,1,,SZ
sz.301323,1,,SZ
sz.301325,1,,SZ
sz.301326,1,,SZ
sz.301327,1,,SZ
sz.301328,1,,SZ
sz.301329,1,,SZ
sz.301330,1,,SZ
sz.301331,1,,SZ
sz.301332,1,,SZ
sz.301333,1,,SZ
sz.301335,1,,SZ
sz.301336,1,,SZ
sz.301337,1,,SZ
sz.301338,1,,SZ
sz.301339,1,,SZ
sz.301345,1,,SZ
sz.301348,1,,SZ
sz.301349,1,,SZ
sz.301353,1,,SZ
sz.301355,1,,SZ
sz.301356,1,,SZ
sz.301357,1,,SZ
sz.301358,1,,SZ
sz.301359,1,,SZ
sz.301360,1,,SZ
sz.301361,1,,SZ
sz.301362,1,,SZ
sz.301363,1,,SZ
sz.301365,1,,SZ
sz.301366,1,,SZ
sz.301367,1,,SZ
sz.301368,1,,SZ
sz.301369,1,,SZ
sz.301370,1,,SZ
sz.301371,1,,SZ
sz.301372,1,,SZ
sz.301373,1,,SZ
sz.301376,1,,SZ
sz.301377,1,,SZ
sz.301378,1,,SZ
sz.301379,1,,SZ
sz.301380,1,,SZ
sz.301381,1,,SZ
sz.301382,1,,SZ
sz.301383,1,,SZ
sz.301386,1,,SZ
sz.301387,1,,SZ
sz.301388,1,,SZ
sz.301389,1,,SZ
sz.301390,1,,SZ
sz.301391,1,,SZ
sz.301392,1,,SZ
sz.301393,1,,SZ
sz.301395,1,,SZ
sz.301396,1,,SZ
sz.301397,1,,SZ
sz.301398,1,,SZ
sz.301399,1,,SZ
sz.301408,1,,SZ
sz.301413,1,,SZ
sz.301418,1,,SZ
sz.301419,1,,SZ
sz.301421,1,,SZ
sz.301428,1,,SZ
sz.301429,1,,SZ
sz.301439,1,,SZ
sz.301446,1,,SZ
sz.301448,1,,SZ
sz.301449,1,,SZ
sz.301456,1,,SZ
sz.301458,1,,SZ
sz.301459,1,,SZ
sz.301468,1,,SZ
sz.301469,1,,SZ
sz.301479,1,,SZ
sz.301486,1,,SZ
sz.301487,1,,SZ
sz.301488,1,,SZ
sz.301489,1,,SZ
sz.301491,1,,SZ
sz.301498,1,,SZ
sz.301499,1,,SZ
sz.301500,1,,SZ
sz.301501,1,,SZ
sz.301502,1,,SZ
sz.301503,1,,SZ
sz.301505,1,,SZ
sz.301507,1,,SZ
sz.301508,1,,SZ
sz.301509,1,,SZ
sz.301510,1,,SZ
sz.301511,1,,SZ
sz.301512,1,,SZ
sz.301515,1,,SZ
sz.301516,1,,SZ
sz.301517,1,,SZ
sz.301518,1,,SZ
sz.301519,1,,SZ
sz.301520,1,,SZ
sz.301522,1,,SZ
sz.301525,1,,SZ
sz.301526,1,,SZ
sz.301528,1,,SZ
sz.301529,1,,SZ
sz.301533,1,,SZ
sz.301535,1,,SZ
sz.301536,1,,SZ
sz.301538,1,,SZ
sz.301539,1,,SZ
sz.301548,1,,SZ
sz.301550,1,,SZ
sz.301551,1,,SZ
sz.301552,1,,SZ
sz.301555,1,,SZ
sz.301556,1,,SZ
sz.301557,1,,SZ
sz.301558,1,,SZ
sz.301559,1,,SZ
sz.301560,1,,SZ
sz.301563,1,,SZ
sz.301565,1,,SZ
sz.301566,1,,SZ
sz.301567,1,,SZ
sz.301568,1,,SZ
sz.301571,1,,SZ
sz.301575,1,,SZ
sz.301577,1,,SZ
sz.301578,1,,SZ
sz.301580,1,,SZ
sz.301581,1,,SZ
sz.301584,1,,SZ
sz.301585,1,,SZ
sz.301586,1,,SZ
sz.301587,1,,SZ
sz.301588,1,,SZ
sz.301589,1,,SZ
sz.301590,1,,SZ
sz.301591,1,,SZ
sz.301592,1,,SZ
sz.301595,1,,SZ
sz.301596,1,,SZ
sz.301598,1,,SZ
sz.301600,1,,SZ
sz.301601,1,,SZ
sz.301602,1,,SZ
sz.301603,1,,SZ
sz.301606,1,,SZ
sz.301607,1,,SZ
sz.301608,1,,SZ
sz.301609,1,,SZ
sz.301611,1,,SZ
sz.301613,1,,SZ
sz.301616,1,,SZ
sz.301617,1,,SZ
sz.301618,1,,SZ
sz.301622,1,,SZ
sz.301626,1,,SZ
sz.301628,1,,SZ
sz.301629,1,,SZ
sz.301630,1,,SZ
sz.301631,1,,SZ
sz.301632,1,,SZ
sz.301633,1,,SZ
sz.301636,1,,SZ
sz.301638,1,,SZ
sz.301656,1,,SZ
sz.301658,1,,SZ
sz.301662,1,,SZ
sz.301665,1,,SZ
sz.301666,1,,SZ
sz.301667,1,,SZ
sz.301668,1,,SZ
sz.301678,1,,SZ
sz.301680,1,,SZ
sz.301682,1,,SZ
sz.301683,1,,SZ
sz.301687,1,,SZ
sz.301696,1,,SZ
sz.302132,1,,SZ
sz.399001,1,,SZ
sz.399002,1,,SZ
sz.399003,1,,SZ
sz.399004,1,,SZ
sz.399005,1,,SZ
sz.399006,1,,SZ
sz.399007,1,,SZ
sz.399008,1,,SZ
sz.399009,1,,SZ
sz.399010,1,,SZ
sz.399011,1,,SZ
sz.399012,1,,SZ
sz.399013,1,,SZ
sz.399015,1,,SZ
sz.399016,1,,SZ
sz.399017,1,,SZ
sz.399018,1,,SZ
sz.399019,1,,SZ
sz.399020,1,,SZ
sz.399030,1,,SZ
sz.399050,1,,SZ
sz.399060,1,,SZ
sz.399088,1,,SZ
sz.399100,1,,SZ
sz.399101,1,,SZ
sz.399102,1,,SZ
sz.399103,1,,SZ
sz.399106,1,,SZ
sz.399107,1,,SZ
sz.399108,1,,SZ
sz.399231,1,,SZ
sz.399232,1,,SZ
sz.399233,1,,SZ
sz.399234,1,,SZ
sz.399235,1,,SZ
sz.399236,1,,SZ
sz.399237,1,,SZ
sz.399239,1,,SZ
sz.399240,1,,SZ
sz.399241,1,,SZ
sz.399242,1,,SZ
sz.399243,1,,SZ
sz.399244,1,,SZ
sz.399248,1,,SZ
sz.399258,1,,SZ
sz.399259,1,,SZ
sz.399260,1,,SZ
sz.399261,1,,SZ
sz.399262,1,,SZ
sz.399263,1,,SZ
sz.399264,1,,SZ
sz.399265,1,,SZ
sz.399266,1,,SZ
sz.399267,1,,SZ
sz.399268,1,,SZ
sz.399269,1,,SZ
sz.399274,1,,SZ
sz.399275,1,,SZ
sz.399276,1,,SZ
sz.399277,1,,SZ
sz.399278,1,,SZ
sz.399279,1,,SZ
sz.399280,1,,SZ
sz.399281,1,,SZ
sz.399282,1,,SZ
sz.399283,1,,SZ
sz.399284,1,,SZ
sz.399285,1,,SZ
sz.399286,1,,SZ
sz.399289,1,,SZ
sz.399290,1,,SZ
sz.399291,1,,SZ
sz.399292,1,,SZ
sz.399293,1,,SZ
sz.399294,1,,SZ
sz.399295,1,,SZ
sz.399296,1,,SZ
sz.399297,1,,SZ
sz.399298,1,,SZ
sz.399299,1,,SZ
sz.399300,1,,SZ
sz.399301,1,,SZ
sz.399302,1,,SZ
sz.399303,1,,SZ
sz.399306,1,,SZ
sz.399307,1,,SZ
sz.399310,1,,SZ
sz.399311,1,,SZ
sz.399312,1,,SZ
sz.399313,1,,SZ
sz.399314,1,,SZ
sz.399315,1,,SZ
sz.399316,1,,SZ
sz.399317,1,,SZ
sz.399318,1,,SZ
sz.399319,1,,SZ
sz.399320,1,,SZ
sz.399321,1,,SZ
sz.399322,1,,SZ
sz.399324,1,,SZ
sz.399326,1,,SZ
sz.399328,1,,SZ
sz.399330,1,,SZ
sz.399333,1,,SZ
sz.399335,1,,SZ
sz.399337,1,,SZ
sz.399339,1,,SZ
sz.399341,1,,SZ
sz.399344,1,,SZ
sz.399346,1,,SZ
sz.399348,1,,SZ
sz.399350,1,,SZ
sz.399351,1,,SZ
sz.399352,1,,SZ
sz.399353,1,,SZ
sz.399354,1,,SZ
sz.399355,1,,SZ
sz.399356,1,,SZ
sz.399357,1,,SZ
sz.399358,1,,SZ
sz.399359,1,,SZ
sz.399360,1,,SZ
sz.399361,1,,SZ
sz.399362,1,,SZ
sz.399363,1,,SZ
sz.399364,1,,SZ
sz.399365,1,,SZ
sz.399366,1,,SZ
sz.399367,1,,SZ
sz.399368,1,,SZ
sz.399369,1,,SZ
sz.399370,1,,SZ
sz.399371,1,,SZ
sz.399372,1,,SZ
sz.399373,1,,SZ
sz.399374,1,,SZ
sz.399375,1,,SZ
sz.399376,1,,SZ
sz.399377,1,,SZ
sz.399378,1,,SZ
sz.399379,1,,SZ
sz.399380,1,,SZ
sz.399381,1,,SZ
sz.399382,1,,SZ
sz.399383,1,,SZ
sz.399384,1,,SZ
sz.399385,1,,SZ
sz.399386,1,,SZ
sz.399387,1,,SZ
sz.399388,1,,SZ
sz.399389,1,,SZ
sz.399390,1,,SZ
sz.399391,1,,SZ
sz.399392,1,,SZ
sz.399393,1,,SZ
sz.399394,1,,SZ
sz.399395,1,,SZ
sz.399396,1,,SZ
sz.399397,1,,SZ
sz.399398,1,,SZ
sz.399399,1,,SZ
sz.399400,1,,SZ
sz.399401,1,,SZ
sz.399402,1,,SZ
sz.399403,1,,SZ
sz.399405,1,,SZ
sz.399406,1,,SZ
sz.399407,1,,SZ
sz.399408,1,,SZ
sz.399409,1,,SZ
sz.399410,1,,SZ
sz.399411,1,,SZ
sz.399412,1,,SZ
sz.399413,1,,SZ
sz.399415,1,,SZ
sz.399416,1,,SZ
sz.399417,1,,SZ
sz.399418,1,,SZ
sz.399419,1,,SZ
sz.399420,1,,SZ
sz.399422,1,,SZ
sz.399423,1,,SZ
sz.399428,1,,SZ
sz.399429,1,,SZ
sz.399431,1,,SZ
sz.399432,1,,SZ
sz.399433,1,,SZ
sz.399434,1,,SZ
sz.399435,1,,SZ
sz.399436,1,,SZ
sz.399437,1,,SZ
sz.399438,1,,SZ
sz.399439,1,,SZ
sz.399440,1,,SZ
sz.399441,1,,SZ
sz.399481,1,,SZ
sz.399550,1,,SZ
sz.399551,1,,SZ
sz.399552,1,,SZ
sz.399553,1,,SZ
sz.399554,1,,SZ
sz.399555,1,,SZ
sz.399556,1,,SZ
sz.399557,1,,SZ
sz.399602,1,,SZ
sz.399604,1,,SZ
sz.399606,1,,SZ
sz.399608,1,,SZ
sz.399610,1,,SZ
sz.399611,1,,SZ
sz.399612,1,,SZ
sz.399613,1,,SZ
sz.399614,1,,SZ
sz.399615,1,,SZ
sz.399616,1,,SZ
sz.399617,1,,SZ
sz.399618,1,,SZ
sz.399619,1,,SZ
sz.399620,1,,SZ
sz.399621,1,,SZ
sz.399622,1,,SZ
sz.399623,1,,SZ
sz.399624,1,,SZ
sz.399625,1,,SZ
sz.399626,1,,SZ
sz.399627,1,,SZ
sz.399628,1,,SZ
sz.399629,1,,SZ
sz.399630,1,,SZ
sz.399631,1,,SZ
sz.399632,1,,SZ
sz.399633,1,,SZ
sz.399634,1,,SZ
sz.399635,1,,SZ
sz.399636,1,,SZ
sz.399637,1,,SZ
sz.399638,1,,SZ
sz.399639,1,,SZ
sz.399640,1,,SZ
sz.399641,1,,SZ
sz.399642,1,,SZ
sz.399643,1,,SZ
sz.399644,1,,SZ
sz.399645,1,,SZ
sz.399646,1,,SZ
sz.399647,1,,SZ
sz.399648,1,,SZ
sz.399649,1,,SZ
sz.399650,1,,SZ
sz.399651,1,,SZ
sz.399652,1,,SZ
sz.399653,1,,SZ
sz.399654,1,,SZ
sz.399655,1,,SZ
sz.399656,1,,SZ
sz.399657,1,,SZ
sz.399658,1,,SZ
sz.399659,1,,SZ
sz.399660,1,,SZ
sz.399661,1,,SZ
sz.399662,1,,SZ
sz.399663,1,,SZ
sz.399664,1,,SZ
sz.399665,1,,SZ
sz.399666,1,,SZ
sz.399667,1,,SZ
sz.399668,1,,SZ
sz.399669,1,,SZ
sz.399670,1,,SZ
sz.399671,1,,SZ
sz.399672,1,,SZ
sz.399673,1,,SZ
sz.399674,1,,SZ
sz.399675,1,,SZ
sz.399676,1,,SZ
sz.399677,1,,SZ
sz.399678,1,,SZ
sz.399679,1,,SZ
sz.399680,1,,SZ
sz.399681,1,,SZ
sz.399682,1,,SZ
sz.399683,1,,SZ
sz.399684,1,,SZ
sz.399685,1,,SZ
sz.399686,1,,SZ
sz.399687,1,,SZ
sz.399688,1,,SZ
sz.399689,1,,SZ
sz.399692,1,,SZ
sz.399693,1,,SZ
sz.399694,1,,SZ
sz.399695,1,,SZ
sz.399696,1,,SZ
sz.399697,1,,SZ
sz.399698,1,,SZ
sz.399699,1,,SZ
sz.399701,1,,SZ
sz.399702,1,,SZ
sz.399703,1,,SZ
sz.399704,1,,SZ
sz.399705,1,,SZ
sz.399706,1,,SZ
sz.399707,1,,SZ
sz.399750,1,,SZ
sz.399802,1,,SZ
sz.399803,1,,SZ
sz.399804,1,,SZ
sz.399805,1,,SZ
sz.399806,1,,SZ
sz.399807,1,,SZ
sz.399808,1,,SZ
sz.399809,1,,SZ
sz.399810,1,,SZ
sz.399811,1,,SZ
sz.399812,1,,SZ
sz.399813,1,,SZ
sz.399814,1,,SZ
sz.399850,1,,SZ
sz.399852,1,,SZ
sz.399901,1,,SZ
sz.399903,1,,SZ
sz.399905,1,,SZ
sz.399913,1,,SZ
sz.399914,1,,SZ
sz.399928,1,,SZ
sz.399932,1,,SZ
sz.399933,1,,SZ
sz.399934,1,,SZ
sz.399935,1,,SZ
sz.399959,1,,SZ
sz.399965,1,,SZ
sz.399966,1,,SZ
sz.399967,1,,SZ
sz.399970,1,,SZ
sz.399971,1,,SZ
sz.399972,1,,SZ
sz.399973,1,,SZ
sz.399974,1,,SZ
sz.399975,1,,SZ
sz.399976,1,,SZ
sz.399982,1,,SZ
sz.399983,1,,SZ
sz.399986,1,,SZ
sz.399987,1,,SZ
sz.399989,1,,SZ
sz.399990,1,,SZ
sz.399991,1,,SZ
sz.399992,1,,SZ
sz.399993,1,,SZ
sz.399994,1,,SZ
sz.399995,1,,SZ
sz.399996,1,,SZ
sz.399997,1,,SZ
sz.399998,1,,SZ
